setup,metric,n_crossed,n_memorised_not_crossed,rho_memo_vs_log_delay,p_memo_delay,n_memo,rho_memo_vs_log_tcross,rho_cross_vs_log_delay,p_cross_delay,n_cross,rho_cross_vs_log_tcross,auc_memo_crossed_vs_not
A,fn_loss_tr,52,9,0.02954510484324027,0.8361067449262933,52,-0.3909376670975206,0.5010695856120589,0.00011566675786899857,52,0.8511283709034045,0.6004273504273504
A,fn_acc_tr,52,9,0.09754596120240387,0.4933439782267861,52,-0.3491037109600947,0.46135686575741675,0.00047720487334799354,52,-0.38411244460136834,0.8344017094017094
A,fn_margin_tr,52,9,0.28510384818339524,0.040111259488353326,52,0.6842798509819586,-0.5005565013021908,0.00011795447118855974,52,-0.7195476011575141,0.4166666666666667
A,fn_entropy_tr,52,9,-0.36794776817299896,0.006885495425895633,52,-0.7367584167729544,0.42786955740420457,0.001369509466844764,52,0.7285675954448381,0.5256410256410257
A,fn_loss_te,52,9,0.9155989509596919,8.495594870593746e-28,52,0.5362835466089005,0.8082360591197841,4.047564011640419e-15,52,0.91854320972383,0.6282051282051282
A,fn_acc_te,52,9,-0.09177644697306499,0.5194146130276448,52,0.2887834943552125,-0.6239152027452777,3.059696422977284e-07,52,-0.9598500848542967,0.8279914529914529
A,fn_margin_te,52,9,-0.8725426259565907,5.1809650726549235e-21,52,-0.5228176783600521,-0.6710715202817019,1.2791275880600223e-08,52,-0.914439326067038,0.5128205128205128
A,fn_entropy_te,52,9,-0.420802251248085,0.0016856443201099004,52,-0.7914038312955519,0.21066836273935022,0.13436866367784595,52,0.46124789400477284,0.3034188034188034
A,fn_gap_loss,52,9,0.8381232201696032,1.834405308923098e-17,52,0.4599342110773345,0.9600662578149305,2.7562025653228533e-42,52,0.6392226283334308,0.4188034188034188
A,fn_gap_acc,52,9,0.033523983115230464,0.814398235023818,52,-0.38051492235329665,0.676499820839955,8.490324438840037e-09,52,0.9569244996561752,0.7264957264957265
A,fn_class_acc_gini,52,9,0.14728727052426152,0.2990071420776577,52,-0.23841101548440058,0.5755432884954228,4.423784230745754e-06,52,0.9571900227006003,0.2032967032967033
A,w_W1_fro,52,9,0.44531442393972126,0.0008026404276511771,52,0.7928617727345778,0.4533955018201444,0.0006198807102847919,52,0.7336974500158278,0.7029914529914529
A,w_W1_spec,52,9,0.5226618836523431,4.907989411203646e-05,52,0.8804967883223217,0.4985041640627182,0.00012752198878563585,52,0.825179856531814,0.7008547008547008
A,w_W1_stable_rank,52,9,-0.3699765444407497,0.00655248624495928,52,-0.7885441451373281,-0.4482219016956407,0.0007319838768553562,52,-0.8350548265809695,0.8803418803418803
A,w_W1_eff_rank,52,9,-0.2620578112651514,0.06035151599446825,52,-0.5253826056455471,-0.5264672589505318,4.190523490094953e-05,52,-0.8645514903641615,0.8846153846153846
A,w_W1_sv_gini,52,9,0.31682956134357504,0.02162831694144133,52,0.4886613966748778,0.5591336266788032,9.824374123542546e-06,52,0.8935351686902543,0.11752136752136752
A,w_W1_entry_gini,52,9,0.5965887812991773,1.4731887547476404e-06,52,0.7186071278194993,0.5198826769738906,5.5010057392916236e-05,52,0.8575834379052335,0.05555555555555555
A,w_W1_row_gini,52,9,0.20745708929001705,0.14059250246481805,52,0.6096832157621473,-0.5566964762069295,1.10145789313614e-05,52,-0.18617097213884112,0.2094017094017094
A,w_W1_row_pr,52,9,-0.1561486583032033,0.2704370959203699,52,-0.5635145246232385,0.5016254269477494,0.00011323393111680369,52,0.11071936115719828,0.7863247863247863
A,w_W1_dist_init,52,9,0.4610062524165218,0.000482806370108993,52,0.8151338913302922,0.31597442082712823,0.022010840027276025,52,0.5750566974079657,0.7008547008547008
A,w_W1_rel_dist_init,52,9,0.5180013678377074,5.9387841215003396e-05,52,0.8796845613485816,0.3338468576208683,0.015096327020551116,52,0.5880523289878069,0.7008547008547008
A,w_W1_cos_init,52,9,0.4266723606811789,0.0014190438254794674,52,-0.04565570568180995,0.30207838743486615,0.02906264010381383,52,0.45634331287764157,0.3034188034188034
A,w_W2_fro,52,9,-0.23443677258391665,0.09449396079216371,52,-0.5531693179050755,-0.182401472158123,0.19661359920752433,52,-0.5089243222302879,0.7606837606837606
A,w_W2_spec,52,9,-0.3957162739858013,0.003390523810675208,52,-0.03184784712822885,-0.14768276719037898,0.2976922971895982,52,0.041680068389292786,0.7713675213675214
A,w_W2_stable_rank,52,9,-0.15251431110830396,0.281929341454695,52,-0.5515448639575954,-0.3717295824994658,0.0062760416481801055,52,-0.7651605580512324,0.6666666666666666
A,w_W2_eff_rank,52,9,-0.3203783944868297,0.020099723557156116,52,-0.6852203243199735,-0.4762705106350989,0.0002866818685304394,52,-0.8601483651907283,0.5256410256410257
A,w_W2_sv_gini,52,9,0.320292880435185,0.020135462424933834,52,0.6870585222079114,0.4834109339474305,0.0002225141815744048,52,0.8695958473589682,0.46794871794871795
A,w_W2_entry_gini,52,9,0.4216697886599646,0.0016436455124604398,52,0.7862357105803826,0.5891490588060893,2.1956088377113327e-06,52,0.9691150260361718,0.07264957264957266
A,w_W2_row_gini,52,9,0.7232350917849626,1.545995484352208e-10,52,0.5747574558913247,0.5225763696006984,4.925328945627346e-05,52,0.9157217897097855,0.15598290598290598
A,w_W2_row_pr,52,9,-0.7293493464775578,8.507018997882892e-11,52,-0.6173352488305406,-0.505174260091004,9.876581332432553e-05,52,-0.9270502185540548,0.844017094017094
A,w_W2_dist_init,52,9,-0.23512088499707415,0.09349905158801507,52,-0.5540242936669073,-0.18342764077785925,0.19404977054368128,52,-0.5103777810254017,0.7606837606837606
A,w_W2_rel_dist_init,52,9,-0.19501479477571473,0.16672165617306894,52,-0.5073853658589909,-0.1706860470828005,0.22758141573807228,52,-0.49494546852434046,0.7606837606837606
A,w_W2_cos_init,52,9,-0.28557417546744107,0.039764646873432716,52,-0.6847073388628745,0.23140102375053015,0.09900743253092277,52,-0.023939321331286116,0.25427350427350426
A,w_all_norm,52,9,0.4365919906719629,0.0010525615017220043,52,0.7877746669516795,0.41576931909648096,0.0019485538970822223,52,0.5662931958491914,0.6987179487179487
A,w_all_rel_norm,52,9,0.5311277747651673,3.4428514777618464e-05,52,0.892936685656972,0.5121864123258686,7.500478786247416e-05,52,0.6921028792027182,0.6987179487179487
A,w_all_dist_init,52,9,0.42042983491111663,0.0017039629155383453,52,0.7865777008851152,-0.042671511770700124,0.7650300222412637,52,-0.254355289144915,0.6987179487179487
A,w_all_rel_dist_init,52,9,0.5367289451478945,2.706569888967929e-05,52,0.9208088954926837,-0.0667864743345026,0.6396399428464488,52,-0.2770548956215452,0.6965811965811965
A,w_all_cos_init,52,9,0.5625969457704132,8.33580739012507e-06,52,0.10768419720269594,0.24829004895035633,0.07587677881451178,52,0.5028112455331916,0.21581196581196582
A,rep_between_within_tr,52,9,-0.8152054543288262,1.2802392662296853e-15,52,-0.40867841415552725,-0.6727818013145956,1.1254141577292795e-08,52,-0.9435939995454972,0.24786324786324787
A,rep_nc1_tr,52,9,0.500086174018145,0.00012008755057060861,52,0.6921028792027182,0.5787163445054371,3.769305033797123e-06,52,0.9367114446627524,0.7777777777777778
A,rep_eff_rank_te,52,9,-0.4676763484448076,0.0003857522111494105,52,-0.8286852571553238,0.4373188601109428,0.001029363350197445,52,0.09216638712545154,0.8867521367521367
A,rep_pr_te,52,9,-0.45549059608543935,0.0005790422340790121,52,-0.8171430843705966,0.3811361281803817,0.004958502410773913,52,0.04244954657494127,0.8888888888888888
A,rep_unit_gini_te,52,9,0.4898672448466046,0.0001759905543945987,52,0.8634400218737803,-0.4590821862545163,0.0005146095078747719,52,-0.10469178203628517,0.1346153846153846
A,rep_unit_pr_te,52,9,-0.4929885077316357,0.00015682520728101793,52,-0.8655347124902678,0.3830601943423872,0.004720859949881304,52,0.0385166580705157,0.8739316239316239
A,rep_between_within_te,52,9,-0.9475812062748059,1.0799326942277995e-36,52,-0.5989960187392519,-0.7169070519632555,2.812698067897647e-10,52,-0.9447054680358783,0.9615384615384616
A,unit_interaction_share,52,9,-0.7155815841627627,3.1805262899679306e-10,52,-0.670942229097385,-0.5918855084587192,1.8984574462746385e-06,52,-0.8993490038707094,0.9358974358974359
A,unit_frac_interacting,52,9,-0.4643980175300555,0.0004310122292883939,52,-0.777576184625492,-0.02198226334124759,0.8776880827284247,52,-0.34571481130004417,0.9465811965811965
A,add_share_a,52,9,-0.2765524430189263,0.04685418496137719,52,-0.6344775128552652,0.7824535725489101,1.8162574578935854e-13,52,0.4100036265863663,0.24145299145299146
A,add_share_b,52,9,-0.26560664440840603,0.056790835971264886,52,-0.6278087019129783,0.958869061091905,1.1634740866618626e-41,52,0.600620472686732,0.22863247863247863
A,add_share_interaction,52,9,0.2857452035707304,0.03963921269941595,52,0.6454212026067103,-0.9016174035157851,3.5557037368472762e-25,52,-0.5454745360485908,0.7606837606837606
A,add_acc_interaction_tr,52,9,-0.21172573790467122,0.13236477717894327,52,-0.6450850653321318,0.46172698759115716,0.00047135505852341475,52,-0.3842974698637004,0.48717948717948717
A,add_acc_additive_tr,52,9,0.36692924829462203,0.007058118447706807,52,0.007101454144495204,0.32917753272969846,0.01669581209639606,52,-0.0751155064929775,0.10256410256410256
A,add_acc_no_a_tr,52,9,-0.22610104955705515,0.10728083002998834,52,-0.6564518673273638,0.46135686575741675,0.00047720487334799354,52,-0.38411244460136834,0.8878205128205128
A,add_acc_no_b_tr,52,9,-0.12582173411988617,0.375916912170971,52,-0.5097589188871867,0.46135686575741675,0.00047720487334799354,52,-0.38411244460136834,0.9081196581196581
A,add_acc_interaction_te,52,9,-0.4195544183576837,0.0017477184835891786,52,-0.03081532307894727,-0.5314668788420156,3.3935315756054956e-05,52,-0.9279585618209267,0.8931623931623932
A,add_acc_additive_te,52,9,-0.22234877580644186,0.11344885106226332,52,0.5107257372892874,-0.7401057997691944,2.833135543744038e-11,52,-0.7478171717210457,0.5042735042735043
A,add_acc_no_a_te,52,9,-0.4963811563169165,0.00013815502804448004,52,-0.12066197316625167,-0.5936983901999588,1.7226116426065575e-06,52,-0.9572006306824707,0.8632478632478633
A,add_acc_no_b_te,52,9,-0.15141780398725732,0.28545811347884836,52,0.25335647596247435,-0.5814653411049813,3.2759131812767143e-06,52,-0.9528683970669716,0.8664529914529915
A,circ_share_interaction_tr,52,9,0.2995557229113478,0.03052424628780211,52,0.6744903785089863,-0.06982222316788908,0.6244508471544821,52,0.2877420926444408,0.7051282051282052
A,circ_share_marginal_tr,52,9,-0.008123834906245516,0.9546502693492541,52,-0.33395353257144134,0.9233379726335365,1.6769628634425057e-29,52,0.5944646472015442,0.16666666666666666
A,circ_acc_interaction_tr,52,9,-0.11065855645143503,0.4366898103033518,52,-0.5499062956964808,0.46172698759115716,0.00047135505852341475,52,-0.3842974698637004,0.46474358974358976
A,circ_acc_marginal_tr,52,9,0.17334566038092006,0.22027490126760446,52,-0.20364511765860463,0.4660954126100781,0.00040701524895794133,52,0.058411054066941276,0.10256410256410256
A,circ_units_tr,52,9,0.1415685124977837,0.3184342436502281,52,-0.3211716449320582,0.3846849613236363,0.004527964650177707,52,0.05877958362592573,0.8141025641025641
A,circ_share_interaction_te,52,9,0.3288870426254763,0.016799871833628573,52,0.6913761498051614,-0.9074323590276241,3.333397701806661e-26,52,-0.5476119754531699,0.7457264957264957
A,circ_share_marginal_te,52,9,-0.29968399398881485,0.030448491847083398,52,-0.6615802445053284,0.9019167026965416,3.1619236824965926e-25,52,0.547184487572254,0.2606837606837607
A,circ_acc_interaction_te,52,9,-0.45198989594015154,0.0006487057109818905,52,-0.06045050421031823,-0.5568716783797752,1.0924781697296218e-05,52,-0.9405987413808842,0.8942307692307693
A,circ_acc_marginal_te,52,9,-0.2223333579389473,0.1134747365039263,52,0.5110755753046224,-0.7721324164219711,7.016688585848255e-13,52,-0.5333876577255567,0.5064102564102564
A,circ_units_te,52,9,0.1415685124977837,0.3184342436502281,52,-0.3211716449320582,0.3846849613236363,0.004527964650177707,52,0.05877958362592573,0.8141025641025641
A,sharp_lambda_max,52,9,0.43000740869532184,0.0012848586483236878,52,0.7743515474909227,0.4005905749295486,0.0029734894310087506,52,0.7136910171889674,0.6987179487179487
A,sharp_grad_norm,52,9,0.11253649196441155,0.4288818793298422,52,0.4753237747903042,0.23854144706286173,0.08864502890703206,52,0.575655180441248,0.12393162393162394
A,sharp_lr_lambda,52,9,0.43000740869532184,0.0012848586483236878,52,0.7743515474909227,0.4005905749295486,0.0029734894310087506,52,0.7136910171889674,0.6987179487179487
A,unit_fourier_sum_share,52,9,-0.948479103817075,4.889892974417504e-37,52,-0.5963455938775737,-0.7134437328716456,3.8710730934026533e-10,52,-0.9409863234719108,0.9401709401709402
A,unit_fourier_diff_share,52,9,-0.948479103817075,4.889892974417504e-37,52,-0.5963455938775737,-0.7134437328716456,3.8710730934026533e-10,52,-0.9409863234719108,0.9401709401709402
A,unit_fourier_marginal_share,52,9,0.7155815841627627,3.1805262899679306e-10,52,0.670942229097385,0.5918855084587192,1.8984574462746385e-06,52,0.8993490038707094,0.0641025641025641
A,unit_fourier_other_share,52,9,-0.4148286645283894,0.002001520392752518,52,-0.7694354368603907,0.5196261348189565,5.558915850774787e-05,52,0.4670305099005372,0.8696581196581197
A,unit_sum_freq_concentration,52,9,-0.9427069053310586,6.031294471354971e-35,52,-0.5978845502488708,-0.7144699014913819,3.5236099218320987e-10,52,-0.9420550431742002,0.9786324786324786
A,unit_n_distinct_sum_freqs,52,9,0.005076439709915341,0.9716528324506744,52,-0.47530205698523564,0.13571583158529768,0.33911830136857746,52,-0.478063529279944,0.42948717948717946
A,fU_ipr,52,9,-0.6738934839859767,1.0349929136094134e-08,52,-0.30283241484076934,-0.6407995459994819,1.0566365712301733e-07,52,-0.9288456676539014,0.8910256410256411
A,fU_dc_share,52,9,0.3427830760177384,0.012394835793727075,52,0.6663253599834941,0.2803150612912927,0.0437824343663723,52,0.6047243563435238,0.0641025641025641
A,fU_top1_share,52,9,0.22242204832783774,0.11332589302640268,52,0.6618794860219694,0.2591075764834096,0.06344491562045129,52,0.6238330646204612,0.5491452991452992
A,fU_nfreq90,52,9,0.4626522551633233,0.00045701171076334635,52,-0.3855618153312143,0.35077156303415413,0.010339513674888568,52,-0.21242011119442203,0.46153846153846156
A,fU_freq_gini,52,9,-0.01145888292038841,0.9360657103660149,52,0.41688618146911105,0.280614360472049,0.043545275430200446,52,0.627338465243971,0.8141025641025641
A,fU_freq_eff_n,52,9,0.03591590169076964,0.8014124890633897,52,-0.38978344981904783,-0.24452743067799002,0.08062226278254833,52,-0.5965165890299402,0.20726495726495728
A,fV_ipr,52,9,-0.7143416304139147,3.5653727463119853e-10,52,-0.3466926714227329,-0.6579878703800643,3.2986423405836144e-08,52,-0.9197401757903942,0.8931623931623932
A,fV_dc_share,52,9,-0.0026081785751630336,0.9854335982875123,52,0.3409643338184608,0.06588857679223337,0.6441607694620405,52,0.3973927340993495,0.10683760683760683
A,fV_top1_share,52,9,-0.41611137530305975,0.0019296024502918308,52,-0.061472757275695414,0.1709853462635569,0.22675100342020404,52,0.5354713196351605,0.8782051282051282
A,fV_nfreq90,52,9,0.4626522551633233,0.00045701171076334635,52,-0.3855618153312143,0.4366330130249447,0.0010512399829899956,52,-0.14365448717075177,0.46153846153846156
A,fV_freq_gini,52,9,-0.14922202011998342,0.2926103343284092,52,0.2615798343323924,0.12245612195519556,0.38895363699974994,52,0.46001970865351766,0.8803418803418803
A,fV_freq_eff_n,52,9,0.16807786850763748,0.23490593013742728,52,-0.23964970604141064,-0.09611779404863116,0.49973414600085303,52,-0.44048351249566453,0.12393162393162394
A,fout_ipr,52,9,-0.6106985998205511,6.686904591430037e-07,52,-0.252303347316519,-0.6190362198559082,4.103620756429002e-07,52,-0.9488948492688535,0.8931623931623932
A,fout_dc_share,52,9,-0.32871601452218696,0.016861393166144288,52,-0.6987289413569134,-0.6430229113422437,9.133245369092558e-08,52,-0.44676758434512714,0.3055555555555556
A,fout_top1_share,52,9,-0.11672668049500136,0.4117440380643071,52,0.2647432446511695,0.3542419589381268,0.009541897157425181,52,0.7545161098164285,0.9594017094017094
A,fout_nfreq90,52,9,0.3409009149949401,0.012926752749430191,52,-0.3482346438344221,0.1575803025630671,0.26599592117140003,52,-0.4673368594018625,0.4423076923076923
A,fout_freq_gini,52,9,-0.14704141180304386,0.2998263809930365,52,0.24405283121484364,0.11116826713809651,0.4345628463664535,52,0.5009730476452535,0.9081196581196581
A,fout_freq_eff_n,52,9,0.14503183158939362,0.3065763999643936,52,-0.24619027061942272,-0.2537629482556165,0.06936811155806645,52,-0.646789163825641,0.09829059829059829
A,fin_uv_agree_strong,52,9,-0.6330731807152841,1.7349964466075904e-07,52,-0.2950331194274514,-0.556948181620636,1.0885782831532852e-05,52,-0.7959073337566474,0.8952991452991453
A,fin_uvw_agree_strong,52,9,-0.5267246787087098,4.145637870558708e-05,52,-0.14670110151905313,-0.6150785717245866,5.184693745846132e-07,52,-0.8415845215285871,0.9252136752136753
A,fin_n_unique_freq_strong,52,9,0.5172035687529066,6.133844439758832e-05,52,0.16985477463389656,0.25421405047062884,0.06885192010813217,52,-0.15576455752880317,0.4754273504273504
A,clock_share,52,9,-0.5815383082097119,3.2636706905241783e-06,52,-0.22075474170493126,-0.9526265353218425,9.918331264345921e-39,52,-0.6974037289260745,0.8910256410256411
A,clock_nfreq90,52,9,0.22387692950456106,0.11090528096193694,52,-0.24223631952069619,-0.5494893953742347,1.535404723448632e-05,52,-0.8652893045200075,0.14102564102564102
A,clock_top1_share,52,9,0.16713721393954586,0.23758641943185638,52,0.37281218094668966,0.6215588843794266,3.528331212185622e-07,52,0.894689385968727,0.8205128205128205
A,clock_freq_gini,52,9,-0.09308204521524466,0.513455924440478,52,0.3243350552508353,0.5833768603200726,2.9688151301841876e-06,52,0.9006742163015485,0.8910256410256411
A,clock_key_jaccard_final,52,9,0.16743992256754456,0.23672156842766678,52,0.47118240496438374,-0.4652835815629979,0.0004183384629788864,52,-0.09395068079506391,0.38461538461538464
A,clock_restricted_loss_tr,52,9,0.020908185627126614,0.883622494966588,52,-0.34861636688685405,0.5812817660547779,3.306901664597581e-06,52,0.9197829245784859,0.14316239316239315
A,clock_restricted_acc_tr,52,9,,,52,,,,52,,0.6666666666666666
A,clock_excluded_loss_tr,52,9,-0.21626503660942006,0.12401394368713702,52,0.10875291690498551,-0.7948958670632124,3.14651046437984e-14,52,-0.5388057251063039,0.9636752136752137
A,clock_excluded_acc_tr,52,9,-0.0746700018179969,0.6005117622666556,52,-0.510588793423659,0.8219457271535818,3.9690839450711213e-16,52,0.4571945746070223,0.1047008547008547
A,clock_restricted_loss_te,52,9,0.020908185627126614,0.883622494966588,52,-0.34861636688685405,0.5812817660547779,3.306901664597581e-06,52,0.9197829245784859,0.14316239316239315
A,clock_restricted_acc_te,52,9,,,52,,,,52,,0.5
A,clock_excluded_loss_te,52,9,0.7791185245347673,2.838065543128151e-13,52,0.5192695289484508,0.9433055036925713,3.768076478315917e-35,52,0.6287491752509932,0.6410256410256411
A,clock_excluded_acc_te,52,9,-0.28628658152259084,0.039244283756874686,52,0.1640559526695643,-0.7496051599634534,1.0149072970519328e-11,52,-0.5098881391441576,0.4423076923076923
A',fn_loss_tr,10,0,-0.3939393939393939,0.27053332338610575,10,-0.41818181818181815,-0.7696969696969697,0.006984859837794655,10,-0.7454545454545454,
A',fn_acc_tr,10,0,0.06079055436800646,0.8720656351569414,10,-0.01823716631040194,0.5222329678670935,0.12528521429488715,10,0.4061811972299616,
A',fn_margin_tr,10,0,0.07878787878787878,0.8345371760188613,10,0.1515151515151515,0.7696969696969697,0.006984859837794655,10,0.7454545454545454,
A',fn_entropy_tr,10,0,-0.33333333333333326,0.35917013537377374,10,-0.33333333333333326,-0.6242424242424242,0.052807109010362105,10,-0.5757575757575757,
A',fn_loss_te,10,0,0.3939393939393939,0.27053332338610575,10,0.406060606060606,-0.09090909090909088,0.8094088305716397,10,-0.04242424242424241,
A',fn_acc_te,10,0,-0.8181818181818182,0.002318817941149451,10,-0.7818181818181817,0.28484848484848485,0.43829532568339064,10,0.23636363636363633,
A',fn_margin_te,10,0,-0.43030303030303024,0.22331670274622484,10,-0.43030303030303024,0.6363636363636362,0.04662318012010586,10,0.6484848484848483,
A',fn_entropy_te,10,0,-0.35757575757575755,0.32227933064762704,10,-0.406060606060606,-0.41818181818181815,0.23853901084453155,10,-0.38181818181818183,
A',fn_gap_loss,10,0,0.38181818181818183,0.2872900976076061,10,0.41818181818181815,0.38181818181818183,0.2872900976076061,10,0.406060606060606,
A',fn_gap_acc,10,0,0.5393939393939393,0.11044794375727386,10,0.49090909090909085,-0.28484848484848485,0.43829532568339064,10,-0.23636363636363633,
A',fn_class_acc_gini,10,0,0.8909090909090909,0.00016085921022950566,10,0.8666666666666665,-0.1515151515151515,0.6862259925357417,10,-0.09090909090909088,
A',w_W1_fro,10,0,-0.6606060606060605,0.035690964924383985,10,-0.7212121212121211,-0.6484848484848483,0.04092215459987942,10,-0.7333333333333332,
A',w_W1_spec,10,0,-0.6484848484848483,0.04092215459987942,10,-0.6969696969696969,-0.8787878787878788,0.00028807879243805874,10,-0.9151515151515152,
A',w_W1_stable_rank,10,0,0.006060606060606061,0.9872064272268096,10,-0.07878787878787878,0.309090909090909,0.39787452872244605,10,0.24848484848484845,
A',w_W1_eff_rank,10,0,0.06666666666666665,0.8597869083267223,10,-0.04242424242424241,0.41818181818181815,0.23853901084453155,10,0.33333333333333326,
A',w_W1_sv_gini,10,0,-0.06666666666666665,0.8597869083267223,10,0.04242424242424241,-0.4424242424242424,0.20861982232327245,10,-0.38181818181818183,
A',w_W1_entry_gini,10,0,0.35757575757575755,0.32227933064762704,10,0.3696969696969697,0.4545454545454545,0.1944539988921134,10,0.4545454545454545,
A',w_W1_row_gini,10,0,-0.19999999999999998,0.5916960057596946,10,-0.17575757575757575,-0.41818181818181815,0.23853901084453155,10,-0.33333333333333326,
A',w_W1_row_pr,10,0,0.33333333333333326,0.35917013537377374,10,0.309090909090909,0.43030303030303024,0.22331670274622484,10,0.34545454545454546,
A',w_W1_dist_init,10,0,-0.6606060606060605,0.035690964924383985,10,-0.7212121212121211,-0.6121212121212121,0.05948573304439052,10,-0.6969696969696969,
A',w_W1_rel_dist_init,10,0,-0.6606060606060605,0.035690964924383985,10,-0.7212121212121211,-0.6242424242424242,0.052807109010362105,10,-0.7212121212121211,
A',w_W1_cos_init,10,0,0.8787878787878788,0.00028807879243805874,10,0.8545454545454544,-0.2121212121212121,0.5687643593672557,10,-0.22424242424242422,
A',w_W2_fro,10,0,0.5515151515151515,0.10062372351519844,10,0.6242424242424242,0.6969696969696969,0.022666709092861448,10,0.7454545454545454,
A',w_W2_spec,10,0,0.5878787878787878,0.07436788792155065,10,0.6727272727272726,0.6969696969696969,0.022666709092861448,10,0.7454545454545454,
A',w_W2_stable_rank,10,0,-0.709090909090909,0.019158938629641697,10,-0.6484848484848483,-0.09090909090909088,0.8094088305716397,10,-0.22424242424242422,
A',w_W2_eff_rank,10,0,0.4545454545454545,0.1944539988921134,10,0.38181818181818183,0.6121212121212121,0.05948573304439052,10,0.5393939393939393,
A',w_W2_sv_gini,10,0,-0.34545454545454546,0.3404923092488453,10,-0.2727272727272727,-0.6363636363636362,0.04662318012010586,10,-0.5515151515151515,
A',w_W2_entry_gini,10,0,0.6969696969696969,0.022666709092861448,10,0.7333333333333332,0.38181818181818183,0.2872900976076061,10,0.43030303030303024,
A',w_W2_row_gini,10,0,0.4787878787878787,0.16773373850380155,10,0.5515151515151515,0.1515151515151515,0.6862259925357417,10,0.16363636363636364,
A',w_W2_row_pr,10,0,-0.5151515151515151,0.1317261237554859,10,-0.5757575757575757,-0.12727272727272726,0.7349351698928779,10,-0.13939393939393938,
A',w_W2_dist_init,10,0,0.5515151515151515,0.10062372351519844,10,0.6242424242424242,0.6969696969696969,0.022666709092861448,10,0.7454545454545454,
A',w_W2_rel_dist_init,10,0,0.5515151515151515,0.10062372351519844,10,0.6242424242424242,0.6969696969696969,0.022666709092861448,10,0.7454545454545454,
A',w_W2_cos_init,10,0,-0.17575757575757575,0.638433778465894,10,-0.24848484848484845,-0.41818181818181815,0.23853901084453155,10,-0.3939393939393939,
A',w_all_norm,10,0,-0.6606060606060605,0.035690964924383985,10,-0.7212121212121211,-0.709090909090909,0.019158938629641697,10,-0.7939393939393938,
A',w_all_rel_norm,10,0,-0.6606060606060605,0.035690964924383985,10,-0.7212121212121211,-0.7454545454545454,0.01086782164181687,10,-0.8303030303030302,
A',w_all_dist_init,10,0,-0.6606060606060605,0.035690964924383985,10,-0.7212121212121211,-0.7818181818181817,0.005467453249489785,10,-0.8424242424242423,
A',w_all_rel_dist_init,10,0,-0.6606060606060605,0.035690964924383985,10,-0.7212121212121211,-0.7939393939393938,0.004200460758693554,10,-0.8666666666666665,
A',w_all_cos_init,10,0,0.8787878787878788,0.00028807879243805874,10,0.8545454545454544,-0.2121212121212121,0.5687643593672557,10,-0.22424242424242422,
A',rep_between_within_tr,10,0,-0.38181818181818183,0.2872900976076061,10,-0.406060606060606,-0.35757575757575755,0.32227933064762704,10,-0.38181818181818183,
A',rep_nc1_tr,10,0,-0.5151515151515151,0.1317261237554859,10,-0.3696969696969697,-0.6969696969696969,0.022666709092861448,10,-0.6848484848484848,
A',rep_eff_rank_te,10,0,0.16363636363636364,0.6622065812731996,10,0.05454545454545454,0.32121212121212117,0.3783015023481147,10,0.23636363636363633,
A',rep_pr_te,10,0,0.4545454545454545,0.1944539988921134,10,0.35757575757575755,0.43030303030303024,0.22331670274622484,10,0.3939393939393939,
A',rep_unit_gini_te,10,0,-0.17575757575757575,0.638433778465894,10,-0.17575757575757575,-0.43030303030303024,0.22331670274622484,10,-0.34545454545454546,
A',rep_unit_pr_te,10,0,0.406060606060606,0.2542802968633816,10,0.406060606060606,0.49090909090909085,0.15518615754920068,10,0.43030303030303024,
A',rep_between_within_te,10,0,-0.5151515151515151,0.1317261237554859,10,-0.5272727272727272,-0.16363636363636364,0.6622065812731996,10,-0.2121212121212121,
A',unit_interaction_share,10,0,-0.38181818181818183,0.2872900976076061,10,-0.406060606060606,-0.34545454545454546,0.3404923092488453,10,-0.3696969696969697,
A',unit_frac_interacting,10,0,0.6277666039945968,0.05095865648976779,10,0.5846845821518305,-0.33333333333333326,0.35917013537377374,10,-0.33333333333333326,
A',add_share_a,10,0,0.05454545454545454,0.8851395421951225,10,-0.05454545454545454,-0.309090909090909,0.39787452872244605,10,-0.3696969696969697,
A',add_share_b,10,0,-0.09090909090909088,0.8094088305716397,10,-0.10303030303030303,-0.5878787878787878,0.07436788792155065,10,-0.5393939393939393,
A',add_share_interaction,10,0,-0.05454545454545454,0.8851395421951225,10,0.05454545454545454,0.6,0.06666957276626378,10,0.6363636363636362,
A',add_acc_interaction_tr,10,0,-0.41818181818181815,0.23853901084453155,10,-0.43030303030303024,0.5222329678670935,0.12528521429488715,10,0.4061811972299616,
A',add_acc_additive_tr,10,0,0.09090909090909088,0.8094088305716397,10,-0.05454545454545454,-0.5393939393939393,0.11044794375727386,10,-0.5757575757575757,
A',add_acc_no_a_tr,10,0,-0.3100318272768329,0.39633962829013947,10,-0.3039527718400323,0.5222329678670935,0.12528521429488715,10,0.4061811972299616,
A',add_acc_no_b_tr,10,0,-0.19452977397762067,0.6021431561534464,10,-0.2613993837824278,0.5222329678670935,0.12528521429488715,10,0.4061811972299616,
A',add_acc_interaction_te,10,0,-0.8060606060606059,0.003159186611345862,10,-0.7818181818181817,0.1515151515151515,0.6862259925357417,10,0.09090909090909088,
A',add_acc_additive_te,10,0,0.060302268915552716,0.8730869789378333,10,0.167506302543202,0.7598819296000807,0.008413778643428352,10,0.735565707852878,
A',add_acc_no_a_te,10,0,-0.8181818181818182,0.002318817941149451,10,-0.8303030303030302,0.23636363636363633,0.5238565953131907,10,0.18787878787878787,
A',add_acc_no_b_te,10,0,-0.9240164263936983,1.910729058429739e-05,10,-0.8753839828992931,0.32121212121212117,0.3783015023481147,10,0.2606060606060606,
A',circ_share_interaction_tr,10,0,0.35757575757575755,0.32227933064762704,10,0.406060606060606,0.406060606060606,0.2542802968633816,10,0.406060606060606,
A',circ_share_marginal_tr,10,0,0.3939393939393939,0.27053332338610575,10,0.406060606060606,-0.2121212121212121,0.5687643593672557,10,-0.13939393939393938,
A',circ_acc_interaction_tr,10,0,-0.33333333333333326,0.35917013537377374,10,-0.33333333333333326,0.5222329678670935,0.12528521429488715,10,0.4061811972299616,
A',circ_acc_marginal_tr,10,0,-0.10334394242561099,0.7837756773868918,10,-0.21884599572482327,-0.309090909090909,0.39787452872244605,10,-0.33333333333333326,
A',circ_units_tr,10,0,0.5878787878787878,0.07436788792155065,10,0.5272727272727272,0.6484848484848483,0.04092215459987942,10,0.6969696969696969,
A',circ_share_interaction_te,10,0,-0.05454545454545454,0.8851395421951225,10,0.05454545454545454,0.309090909090909,0.39787452872244605,10,0.33333333333333326,
A',circ_share_marginal_te,10,0,-0.34545454545454546,0.3404923092488453,10,-0.4545454545454545,-0.5878787878787878,0.07436788792155065,10,-0.5393939393939393,
A',circ_acc_interaction_te,10,0,-0.8292837093139818,0.0017043401216823365,10,-0.8353813836471727,0.2121212121212121,0.5687643593672557,10,0.16363636363636364,
A',circ_acc_marginal_te,10,0,0.3901845186230132,0.27567072858822655,10,0.5140526197731761,0.4787878787878787,0.16773373850380155,10,0.49090909090909085,
A',circ_units_te,10,0,0.5878787878787878,0.07436788792155065,10,0.5272727272727272,0.6484848484848483,0.04092215459987942,10,0.6969696969696969,
A',sharp_lambda_max,10,0,-0.6606060606060605,0.035690964924383985,10,-0.7212121212121211,-0.6,0.06666957276626378,10,-0.6727272727272726,
A',sharp_grad_norm,10,0,-0.6848484848484848,0.026579467044775346,10,-0.7212121212121211,-0.6848484848484848,0.026579467044775346,10,-0.7333333333333332,
A',sharp_lr_lambda,10,0,-0.6606060606060605,0.035690964924383985,10,-0.7212121212121211,-0.6,0.06666957276626378,10,-0.6727272727272726,
A',unit_fourier_sum_share,10,0,-0.4666666666666666,0.18082400812474403,10,-0.4787878787878787,-0.16363636363636364,0.6622065812731996,10,-0.2121212121212121,
A',unit_fourier_diff_share,10,0,-0.4666666666666666,0.18082400812474403,10,-0.4787878787878787,-0.16363636363636364,0.6622065812731996,10,-0.2121212121212121,
A',unit_fourier_marginal_share,10,0,0.38181818181818183,0.2872900976076061,10,0.406060606060606,0.34545454545454546,0.3404923092488453,10,0.3696969696969697,
A',unit_fourier_other_share,10,0,0.6606060606060605,0.035690964924383985,10,0.5757575757575757,-0.06666666666666665,0.8597869083267223,10,-0.13939393939393938,
A',unit_sum_freq_concentration,10,0,-0.7939393939393938,0.004200460758693554,10,-0.7575757575757575,-0.17575757575757575,0.638433778465894,10,-0.19999999999999998,
A',unit_n_distinct_sum_freqs,10,0,0.7920349407187459,0.004383947908282592,10,0.7305839539388431,0.8090398349558906,0.002934968142523158,10,0.8090398349558906,
A',fU_ipr,10,0,-0.8787878787878788,0.00028807879243805874,10,-0.8303030303030302,0.2727272727272727,0.45911670561306295,10,0.33333333333333326,
A',fU_dc_share,10,0,0.43030303030303024,0.22331670274622484,10,0.43030303030303024,-0.2121212121212121,0.5687643593672557,10,-0.2121212121212121,
A',fU_top1_share,10,0,-0.7818181818181817,0.005467453249489785,10,-0.7212121212121211,-0.309090909090909,0.39787452872244605,10,-0.18787878787878787,
A',fU_nfreq90,10,0,0.812776759390954,0.002670319179688234,10,0.7978634243562575,0.6608480480431908,0.03559121698671677,10,0.6230853024407228,
A',fU_freq_gini,10,0,-0.6727272727272726,0.030915270257528705,10,-0.6242424242424242,-0.6242424242424242,0.052807109010362105,10,-0.6,
A',fU_freq_eff_n,10,0,0.6727272727272726,0.030915270257528705,10,0.6242424242424242,0.6121212121212121,0.05948573304439052,10,0.5757575757575757,
A',fV_ipr,10,0,-0.8666666666666665,0.00048095570242900275,10,-0.8060606060606059,0.35757575757575755,0.32227933064762704,10,0.29696969696969694,
A',fV_dc_share,10,0,0.34545454545454546,0.3404923092488453,10,0.38181818181818183,-0.34545454545454546,0.3404923092488453,10,-0.33333333333333326,
A',fV_top1_share,10,0,-0.6121212121212121,0.05948573304439052,10,-0.5757575757575757,-0.2121212121212121,0.5687643593672557,10,-0.1515151515151515,
A',fV_nfreq90,10,0,0.8090398349558906,0.002934968142523158,10,0.7865665062071158,0.6511585959125265,0.039728330128062234,10,0.6511585959125265,
A',fV_freq_gini,10,0,-0.6969696969696969,0.022666709092861448,10,-0.6363636363636362,-0.3696969696969697,0.30454190304610657,10,-0.35757575757575755,
A',fV_freq_eff_n,10,0,0.6969696969696969,0.022666709092861448,10,0.6363636363636362,0.35757575757575755,0.32227933064762704,10,0.33333333333333326,
A',fout_ipr,10,0,-0.9151515151515152,3.739915293492999e-05,10,-0.8787878787878788,0.43030303030303024,0.22331670274622484,10,0.4787878787878787,
A',fout_dc_share,10,0,-0.6606060606060605,0.035690964924383985,10,-0.6242424242424242,-0.41818181818181815,0.23853901084453155,10,-0.32121212121212117,
A',fout_top1_share,10,0,-0.6121212121212121,0.05948573304439052,10,-0.6363636363636362,0.1515151515151515,0.6862259925357417,10,-0.01818181818181818,
A',fout_nfreq90,10,0,0.7977240352174655,0.003852270132428657,10,0.7977240352174655,0.4877382115949635,0.15841603004872365,10,0.4314607256416984,
A',fout_freq_gini,10,0,-0.6969696969696969,0.022666709092861448,10,-0.6969696969696969,-0.5151515151515151,0.1317261237554859,10,-0.4787878787878787,
A',fout_freq_eff_n,10,0,0.709090909090909,0.019158938629641697,10,0.6848484848484848,0.5151515151515151,0.1317261237554859,10,0.4787878787878787,
A',fin_uv_agree_strong,10,0,-0.7659609850368815,0.007506829694352314,10,-0.7234075969792769,0.49543369430686224,0.15064193432171558,10,0.4526184367741704,
A',fin_uvw_agree_strong,10,0,-0.6606060606060605,0.035690964924383985,10,-0.6363636363636362,0.49696992650327754,0.14911631521709875,10,0.4846990641204805,
A',fin_n_unique_freq_strong,10,0,0.6608480480431908,0.03559121698671677,10,0.6419666752419567,0.6031784888452876,0.06473637669560464,10,0.6237413918741043,
A',clock_share,10,0,-0.9030303030303028,8.218348948613115e-05,10,-0.8545454545454544,0.2606060606060606,0.4803270156665641,10,0.23636363636363633,
A',clock_nfreq90,10,0,0.8952152421134354,0.0001281628862662224,10,0.8828674456704912,0.830780403254297,0.001631786926769492,10,0.8496617760555311,
A',clock_top1_share,10,0,-0.7818181818181817,0.005467453249489785,10,-0.7818181818181817,-0.5393939393939393,0.11044794375727386,10,-0.5515151515151515,
A',clock_freq_gini,10,0,-0.8303030303030302,0.0016546757495779591,10,-0.7818181818181817,-0.5878787878787878,0.07436788792155065,10,-0.6121212121212121,
A',clock_key_jaccard_final,10,0,-0.2439069733276417,0.5101583843419945,10,-0.1890279043289223,0.43030303030303024,0.22331670274622484,10,0.49090909090909085,
A',clock_restricted_loss_tr,10,0,0.13939393939393938,0.7104747006336513,10,0.01818181818181818,-0.5393939393939393,0.11044794375727386,10,-0.5151515151515151,
A',clock_excluded_loss_tr,10,0,-0.4424242424242424,0.20861982232327245,10,-0.4424242424242424,-0.8181818181818182,0.002318817941149451,10,-0.8181818181818182,
A',clock_excluded_acc_tr,10,0,0.6242424242424242,0.052807109010362105,10,0.5757575757575757,0.43030303030303024,0.22331670274622484,10,0.406060606060606,
A',clock_restricted_loss_te,10,0,0.0303030303030303,0.9360791156591195,10,-0.07878787878787878,-0.6121212121212121,0.05948573304439052,10,-0.5272727272727272,
A',clock_excluded_loss_te,10,0,0.34545454545454546,0.3404923092488453,10,0.38181818181818183,0.3939393939393939,0.27053332338610575,10,0.43030303030303024,
A',clock_excluded_acc_te,10,0,-0.22424242424242422,0.546145926859035,10,-0.1515151515151515,0.8424242424242423,0.0011424970162036668,10,0.8666666666666665,
B,fn_loss_tr,14,6,-0.43295726621966935,0.12420599758726905,14,0.20242036451305656,-0.44047114877562843,0.13486929891980173,13,0.17056412284302613,0.4166666666666667
B,fn_acc_tr,14,6,0.5789073903160842,0.028402284233672474,14,-0.0707186205972552,0.6153426263329643,0.023277196002365202,13,-0.03872785760137537,0.6309523809523809
B,fn_margin_tr,14,6,0.3943496119070873,0.1667156806830922,14,-0.24422457022770952,0.39676027141621484,0.18433740972746807,13,-0.23933997882811733,0.35714285714285715
B,fn_entropy_tr,14,6,-0.36677271596952876,0.2020017217829499,14,0.22222235669368168,-0.416934522505175,0.16032639631054424,13,0.15405791740660424,0.42857142857142855
B,fn_loss_te,14,6,0.052396102281361254,0.861914579782261,14,0.23982412752090398,0.016811875907466734,0.9575973911808613,13,0.14855584892779697,0.03571428571428571
B,fn_acc_te,14,6,-0.019303827156290986,0.9489451401104532,14,-0.23982412752090398,0.02017425108896008,0.949125305271799,13,-0.13755171197018237,1.0
B,fn_margin_te,14,6,-0.0854883774064315,0.7762367109072026,14,-0.270627226468543,-0.05379800290389355,0.8647831492489108,13,-0.2035765337158699,0.9642857142857143
B,fn_entropy_te,14,6,-0.1296114109065252,0.6655203818427464,14,0.2486250129345151,-0.19165538534512078,0.5394425686676112,13,0.15955998588541156,0.16666666666666666
B,fn_gap_loss,14,6,0.052396102281361254,0.861914579782261,14,0.1958197004528482,0.016811875907466734,0.9575973911808613,13,0.093535164139724,0.03571428571428571
B,fn_gap_acc,14,6,0.052396102281361254,0.861914579782261,14,0.23982412752090398,0.016811875907466734,0.9575973911808613,13,0.14855584892779697,0.011904761904761904
B,fn_class_acc_gini,14,6,-0.027576895937558552,0.9271068967549785,14,0.2508252342879179,-0.07397225399285363,0.8147141446806174,13,0.1513068831672006,0.0
B,w_all_norm,14,6,0.005515379187511711,0.98540540782831,14,-0.1760177082722231,0.0437108773594135,0.8899922097660913,13,-0.12104550653376049,0.0
B,w_all_rel_norm,14,6,0.005515379187511711,0.98540540782831,14,-0.21122124992666771,0.0437108773594135,0.8899922097660913,13,-0.16506205436421884,0.0
B,w_all_dist_init,14,6,-0.0027576895937558555,0.9927024541847184,14,-0.12981305985076452,0.03362375181493347,0.9152905905848217,13,-0.06327378750628389,0.07142857142857142
B,w_all_rel_dist_init,14,6,-0.035849964718826115,0.9053134958712636,14,-0.1386139452643757,-0.0033623751814933467,0.9915164097115442,13,-0.07427792446389848,0.07142857142857142
B,w_all_cos_init,14,6,0.43295726621966935,0.12420599758726905,14,-0.4114413930863215,0.44719589913861507,0.1280954348373486,13,-0.4181572043893544,0.0
B,rep_between_within_tr,14,6,-0.35022657840699367,0.2251694801070531,14,-0.7216726039161148,-0.3160632670603746,0.30071078627084047,13,-0.6492440804992606,1.0
B,rep_nc1_tr,14,6,-0.20131134034417744,0.49845703297761557,14,0.3564358592512517,-0.1445821328042139,0.6452038426091657,13,0.7042647652873337,1.0
B,rep_eff_rank_te,14,6,0.11858065253150178,0.6927346777674169,14,0.022002213534027888,0.1008712554448004,0.7489141633461954,13,-0.2090786021946772,0.0
B,rep_pr_te,14,6,0.23440361546924773,0.42826965214563406,14,0.05060509112826414,0.22864151234154756,0.4617077248098969,13,-0.046767582069862,0.03571428571428571
B,rep_unit_gini_te,14,6,0.23440361546924773,0.42826965214563406,14,0.03520354165444462,0.22191676197856092,0.4754528021818859,13,0.10178826685793495,0.9761904761904762
B,rep_unit_pr_te,14,6,-0.3943496119070873,0.1667156806830922,14,0.0,-0.4034850217792016,0.17610764500436027,13,-0.07977999294270578,0.03571428571428571
B,rep_between_within_te,14,6,-0.35022657840699367,0.2251694801070531,14,-0.7216726039161148,-0.3160632670603746,0.30071078627084047,13,-0.6492440804992606,1.0
B,unit_interaction_share,14,6,-0.3915919223133314,0.17005792861257463,14,-0.5742577732381279,-0.4001226465977083,0.18019421308137734,13,-0.5997254641899951,0.8571428571428571
B,unit_frac_interacting,14,6,-0.4251516540437973,0.13216294959106445,14,-0.4779735682819384,-0.4377104377104377,0.13771406632984523,13,-0.5261707988980716,0.9642857142857143
B,add_share_a,14,6,-0.04688072309384954,0.8763484606559596,14,0.6270630857197947,-0.0504356277224002,0.8731749866060277,13,0.5281985739655003,0.03571428571428571
B,add_share_b,14,6,-0.03033458553131441,0.9198367863038672,14,0.4774480336884051,0.0067247503629866935,0.983033586695418,13,0.4181572043893544,0.023809523809523808
B,add_share_interaction,14,6,-0.0854883774064315,0.7762367109072026,14,0.2992301040627792,-0.13785738244122722,0.660852189055004,13,0.2283358418705027,1.0
B,add_acc_interaction_tr,14,6,-0.019303827156290986,0.9489451401104532,14,-0.11881195308375059,-0.1075960058077871,0.7326740284554152,13,-0.3026137663344012,0.21428571428571427
B,add_acc_additive_tr,14,6,0.2592228218130504,0.3789579933793146,14,0.46204648421458555,0.24881576343050762,0.4215743300184994,13,0.3548834168830705,0.07142857142857142
B,add_acc_no_a_tr,14,6,0.01380362513129212,0.9634821299321322,14,-0.2180616740088106,0.06902356902356903,0.8269466028490486,13,-0.22038567493112945,0.75
B,add_acc_no_b_tr,14,6,0.01380362513129212,0.9634821299321322,14,-0.3700440528634361,0.060606060606060615,0.8478296526757289,13,-0.3278236914600551,0.7261904761904762
B,add_acc_interaction_te,14,6,-0.2399189946567594,0.4170563143641498,14,-0.1386139452643757,-0.3093385166973879,0.31185376384787256,13,-0.2861075608979793,1.0
B,add_acc_additive_te,14,6,0.20429365194312335,0.4919346655152624,14,0.22797356828193832,0.10423363062629375,0.7407825349849702,13,0.12104550653376049,1.0
B,add_acc_no_a_te,14,6,-0.08824606700018738,0.7691840233021017,14,-0.2772278905287514,-0.05716037808538689,0.8564034969374108,13,-0.19532343099765895,1.0
B,add_acc_no_b_te,14,6,-0.1351267900940369,0.6520451478033623,14,-0.3102312108297932,-0.06388512844837359,0.8396837412910998,13,-0.2145806706734845,1.0
B,sharp_lambda_max,14,6,-0.3529842680007495,0.22120405076618627,14,0.07040708330888924,-0.35304939405680147,0.2433568913396409,13,0.08803309566091672,0.42857142857142855
B,sharp_grad_norm,14,6,-0.30334585531314406,0.29891247966073653,14,0.1584159374450008,-0.29588901597141454,0.33478509911130117,13,0.17606619132183343,0.3333333333333333
B,sharp_lr_lambda,14,6,-0.3529842680007495,0.22120405076618627,14,0.07040708330888924,-0.35304939405680147,0.2433568913396409,13,0.08803309566091672,0.42857142857142855
B,w_WE_fro,14,6,0.32540737206319087,0.26272737604498764,14,-0.22662279940048724,0.3261503926048546,0.2844049903565634,13,-0.3713896223194924,0.0
B,w_WE_spec,14,6,-0.0027576895937558555,0.9927024541847184,14,-0.36523674466486294,0.04034850217792016,0.8984160873337657,13,-0.3548834168830705,0.19047619047619047
B,w_WE_stable_rank,14,6,0.07721530862516394,0.7974837169051457,14,0.044004427068055775,0.08069700435584032,0.7981497271988399,13,-0.03576344511224741,0.023809523809523808
B,w_WE_eff_rank,14,6,0.3198919928756792,0.27152825817838977,14,0.33883408842402946,0.2790771400639478,0.36463694257537066,13,0.23383791034931004,0.25
B,w_WE_sv_gini,14,6,-0.23164592587549182,0.4339297579658391,14,-0.32123231759680715,-0.17820588461914735,0.5689366320948318,13,-0.21182963643408084,0.6666666666666666
B,w_WE_entry_gini,14,6,-0.24543437384427114,0.4059871815010093,14,-0.8470852210600737,-0.19165538534512078,0.5394425686676112,13,-0.8088040663846724,0.8571428571428571
B,w_WE_row_gini,14,6,-0.005515379187511711,0.98540540782831,14,0.22662279940048724,0.013449500725973387,0.9660733107627545,13,0.0577717190274766,0.5476190476190477
B,w_WE_row_pr,14,6,-0.04136534390633784,0.890816073863235,14,-0.23322346346069564,-0.013449500725973387,0.9660733107627545,13,-0.0577717190274766,0.4642857142857143
B,w_WE_dist_init,14,6,0.25094975303178285,0.39506422792664475,14,-0.17821792962562585,0.24209101306752098,0.43476486965986416,13,-0.3053648005738049,0.0
B,w_WE_rel_dist_init,14,6,0.25094975303178285,0.39506422792664475,14,-0.17821792962562585,0.24209101306752098,0.43476486965986416,13,-0.3053648005738049,0.0
B,w_WE_cos_init,14,6,0.43295726621966935,0.12420599758726905,14,-0.6534657419606282,0.48418202613504197,0.09471170253824326,13,-0.6877585598509118,0.0
B,w_WU_fro,14,6,0.03033458553131441,0.9198367863038672,14,-0.059405976541875294,-0.087421754718827,0.7816577313092679,13,-0.34663031416485957,0.0
B,w_WU_spec,14,6,-0.4357149558134252,0.12147081648600346,14,-0.34323453113083496,-0.48418202613504197,0.09471170253824326,13,-0.5309496082049039,0.023809523809523808
B,w_WU_stable_rank,14,6,0.5074148852510774,0.0636253334164935,14,0.5236526821098637,0.5278929034944554,0.06331810636132865,13,0.6685013201750863,0.6666666666666666
B,w_WU_eff_rank,14,6,0.5984186418450206,0.02197924960987743,14,0.4840486977486135,0.5951404071243224,0.03015710765839851,13,0.42090823862875804,0.5357142857142857
B,w_WU_sv_gini,14,6,-0.5984186418450206,0.02197924960987743,14,-0.5280531248166693,-0.5951404071243224,0.03015710765839851,13,-0.3878958277559143,0.4880952380952381
B,w_WU_entry_gini,14,6,0.2619805114068063,0.3736643303265483,14,-0.04180420571465299,0.3799483955087482,0.20590396166873065,13,0.18156825980064076,0.7023809523809523
B,w_WU_row_gini,14,6,0.20131134034417744,0.49845703297761557,14,-0.06600664060208367,0.3093385166973879,0.31185376384787256,13,0.11829447229435683,0.9880952380952381
B,w_WU_row_pr,14,6,-0.20131134034417744,0.49845703297761557,14,0.06600664060208367,-0.3093385166973879,0.31185376384787256,13,-0.11829447229435683,0.011904761904761904
B,w_WU_dist_init,14,6,-0.016546137562535132,0.956232202222304,14,-0.07040708330888924,-0.14121975762272057,0.6530127251929092,13,-0.3603854853618778,0.023809523809523808
B,w_WU_rel_dist_init,14,6,-0.016546137562535132,0.956232202222304,14,-0.07040708330888924,-0.14121975762272057,0.6530127251929092,13,-0.3603854853618778,0.023809523809523808
B,w_WU_cos_init,14,6,0.4495034037822044,0.10838286651008847,14,-0.05500553383506972,0.46400777504608187,0.1121169801085988,13,-0.05502068478807295,0.15476190476190477
B,w_WQ_fro,14,6,-0.13788447968779277,0.64534198768667,14,-0.16281638015180636,-0.11768313135226714,0.708494230114357,13,-0.19532343099765895,0.4880952380952381
B,w_WQ_spec,14,6,-0.1847652027816423,0.5353127495849115,14,-0.1914192577460426,-0.1714811342561607,0.583910235078812,13,-0.2310868761099064,0.75
B,w_WQ_stable_rank,14,6,0.4715649205322513,0.08943604812409199,14,0.10561062496333386,0.4875444013165352,0.09199456767097462,13,0.04126551359105471,0.011904761904761904
B,w_WQ_eff_rank,14,6,0.28128433856309726,0.33768100604773976,14,-0.41804205714652987,0.349687018875308,0.24829242782004468,13,-0.48418202613504197,0.0
B,w_WQ_sv_gini,14,6,-0.24819206343802697,0.4005073122081365,14,0.4114413930863215,-0.27571476488245444,0.3707626503841096,13,0.46492478645921637,1.0
B,w_WQ_entry_gini,14,6,0.03033458553131441,0.9198367863038672,14,0.38063829413868244,0.030261376633440123,0.9237396979759902,13,0.35213238264366686,0.14285714285714285
B,w_WQ_row_gini,14,6,0.07169992943765223,0.8117178116012571,14,-0.022002213534027888,0.030261376633440123,0.9237396979759902,13,0.05502068478807295,0.6071428571428571
B,w_WQ_row_pr,14,6,-0.03033458553131441,0.9198367863038672,14,0.011001106767013944,0.016811875907466734,0.9575973911808613,13,-0.06877585598509119,0.32142857142857145
B,w_WQ_dist_init,14,6,-0.13788447968779277,0.64534198768667,14,-0.16281638015180636,-0.11768313135226714,0.708494230114357,13,-0.19532343099765895,0.5476190476190477
B,w_WQ_rel_dist_init,14,6,-0.13788447968779277,0.64534198768667,14,-0.16941704421201473,-0.11768313135226714,0.708494230114357,13,-0.2035765337158699,0.5238095238095238
B,w_WQ_cos_init,14,6,0.10754989415647834,0.7202777629998103,14,-0.9218927470757685,0.07397225399285363,0.8147141446806174,13,-0.9270985386790292,0.0
B,w_WK_fro,14,6,0.07721530862516394,0.7974837169051457,14,0.7172721612093091,0.12440788171525381,0.6925027130077692,13,0.70151373104793,0.0
B,w_WK_spec,14,6,0.06894223984389639,0.8188542672228538,14,0.7920796872250039,0.04034850217792016,0.8984160873337657,13,0.7675385527936177,0.30952380952380953
B,w_WK_stable_rank,14,6,-0.08824606700018738,0.7691840233021017,14,-0.4774480336884051,-0.0067247503629866935,0.983033586695418,13,-0.38239375927710695,0.0
B,w_WK_eff_rank,14,6,0.1957959611566657,0.5106176562529838,14,-0.44004427068055774,0.21855438679706754,0.48239210338528815,13,-0.46767582069862007,0.0
B,w_WK_sv_gini,14,6,-0.228888236281736,0.4396251367633437,14,0.48844914045541904,-0.25554051379349435,0.4085756433460195,13,0.5006882315714638,1.0
B,w_WK_entry_gini,14,6,0.15167292765657203,0.6121872582815401,14,-0.3674369660182657,0.2151920116155742,0.4893752623608222,13,-0.374140656558896,0.75
B,w_WK_row_gini,14,6,0.43295726621966935,0.12420599758726905,14,0.3916394009056964,0.5211681531314687,0.06760755770033998,13,0.5199454712472893,0.14285714285714285
B,w_WK_row_pr,14,6,-0.39986499109459905,0.16015468302379132,14,-0.4422444920339605,-0.44719589913861507,0.1280954348373486,13,-0.5034392658108675,0.7738095238095238
B,w_WK_dist_init,14,6,0.07721530862516394,0.7974837169051457,14,0.6908695049684758,0.12440788171525381,0.6925027130077692,13,0.70151373104793,0.0
B,w_WK_rel_dist_init,14,6,0.035849964718826115,0.9053134958712636,14,0.7084712757956979,0.07733462917434697,0.8064232480101314,13,0.6905095940903155,0.0
B,w_WK_cos_init,14,6,0.2923150969381207,0.31797794204841734,14,-0.18481859368583423,0.252178138612001,0.4150507974300989,13,-0.2035765337158699,0.0
B,w_WV_fro,14,6,0.15167292765657203,0.6121872582815401,14,-0.0770077473690976,0.13113263207824052,0.6766202423110491,13,-0.27510342394036474,0.011904761904761904
B,w_WV_spec,14,6,0.027576895937558552,0.9271068967549785,14,-0.18481859368583423,-0.013449500725973387,0.9660733107627545,13,-0.3548834168830705,0.35714285714285715
B,w_WV_stable_rank,14,6,0.2178574779067126,0.46275390325437427,14,0.3102312108297932,0.24209101306752098,0.43476486965986416,13,0.35213238264366686,0.0
B,w_WV_eff_rank,14,6,0.4108957494696224,0.1475242947517453,14,0.30583076812298765,0.38331077069024155,0.20147718906451006,13,0.19257239675825533,0.14285714285714285
B,w_WV_sv_gini,14,6,-0.4108957494696224,0.1475242947517453,14,-0.17381748691882032,-0.38331077069024155,0.20147718906451006,13,-0.027510342394036474,0.8452380952380952
B,w_WV_entry_gini,14,6,-0.4053803702821107,0.153757801066818,14,-0.4202422784999326,-0.4875444013165352,0.09199456767097462,13,-0.5612109848383442,0.8809523809523809
B,w_WV_row_gini,14,6,-0.08824606700018738,0.7691840233021017,14,0.23102324210729278,-0.09750888026330706,0.7570682082888001,13,0.2255848076310991,1.0
B,w_WV_row_pr,14,6,0.08824606700018738,0.7691840233021017,14,-0.23102324210729278,0.09750888026330706,0.7570682082888001,13,-0.2255848076310991,0.0
B,w_WV_dist_init,14,6,0.2178574779067126,0.46275390325437427,14,0.030803098947639045,0.16811875907466733,0.5914516327968079,13,-0.21182963643408084,0.07142857142857142
B,w_WV_rel_dist_init,14,6,0.1847652027816423,0.5353127495849115,14,0.022002213534027888,0.13113263207824052,0.6766202423110491,13,-0.22283377339169547,0.07142857142857142
B,w_WV_cos_init,14,6,0.30058816571938823,0.30361857241802004,14,-0.6468650779004199,0.33623751814933467,0.2685945102113957,13,-0.616231669626417,0.0
B,w_WO_fro,14,6,0.09376144618769908,0.7551259117521589,14,-0.1386139452643757,0.06388512844837359,0.8396837412910998,13,-0.35213238264366686,0.0
B,w_WO_spec,14,6,-0.36401502637577293,0.20575886885522998,14,-0.510451353989447,-0.4102097721421883,0.1681041643190737,13,-0.5969744299505915,0.42857142857142855
B,w_WO_stable_rank,14,6,0.457776472563472,0.10099411626897854,14,0.6292633070731974,0.4371087735941351,0.13833900181740152,13,0.5694640875565551,0.0
B,w_WO_eff_rank,14,6,0.4246841974384017,0.13264960624047112,14,0.39603984361250194,0.36313651960128146,0.22888806156013808,13,0.2723523897009611,0.03571428571428571
B,w_WO_sv_gini,14,6,-0.3915919223133314,0.17005792861257463,14,-0.36963718737166845,-0.36313651960128146,0.22888806156013808,13,-0.21182963643408084,0.9642857142857143
B,w_WO_entry_gini,14,6,0.3336804408444585,0.24983515833869702,14,0.43344360662034936,0.25554051379349435,0.4085756433460195,13,0.3081158348132085,0.34523809523809523
B,w_WO_row_gini,14,6,-0.008273068781267566,0.978109360319169,14,0.2354236848140984,-0.0504356277224002,0.8731749866060277,13,0.29436066361619023,1.0
B,w_WO_row_pr,14,6,0.049638412687605396,0.8691270591753919,14,-0.23102324210729278,0.0504356277224002,0.8731749866060277,13,-0.327373074489034,0.0
B,w_WO_dist_init,14,6,0.019303827156290986,0.9489451401104532,14,-0.0374037630078474,-0.02017425108896008,0.949125305271799,13,-0.19807446523706262,0.20238095238095238
B,w_WO_rel_dist_init,14,6,0.019303827156290986,0.9489451401104532,14,-0.0374037630078474,-0.02017425108896008,0.949125305271799,13,-0.19807446523706262,0.20238095238095238
B,w_WO_cos_init,14,6,0.39986499109459905,0.16015468302379132,14,-0.5170520180496553,0.3732236451457615,0.21492765620852944,13,-0.607978566908206,0.0
B,w_Win_fro,14,6,0.011030758375023422,0.9708148109047374,14,-0.30143032541618203,0.19165538534512078,0.5394425686676112,13,-0.1100413695761459,0.0
B,w_Win_spec,14,6,-0.11030758375023421,0.7133626991616154,14,-0.3916394009056964,-0.04707325254090685,0.8815782578382829,13,-0.2310868761099064,0.8928571428571429
B,w_Win_stable_rank,14,6,0.2923150969381207,0.31797794204841734,14,0.30143032541618203,0.252178138612001,0.4150507974300989,13,0.12654757501256778,0.0
B,w_Win_eff_rank,14,6,0.25094975303178285,0.39506422792664475,14,0.17821792962562585,0.13113263207824052,0.6766202423110491,13,-0.08803309566091672,0.03571428571428571
B,w_Win_sv_gini,14,6,-0.25094975303178285,0.39506422792664475,14,-0.18261837233243147,-0.13113263207824052,0.6766202423110491,13,0.049518616309265656,0.9642857142857143
B,w_Win_entry_gini,14,6,-0.2840420281568531,0.33269599312788245,14,-0.22442257804708443,-0.28243951524544114,0.3585625857845685,13,-0.3163689375314194,1.0
B,w_Win_row_gini,14,6,0.1957959611566657,0.5106176562529838,14,-0.22002213534027887,0.18156825980064073,0.5615056064600161,13,-0.2558461842645392,1.0
B,w_Win_row_pr,14,6,-0.23440361546924773,0.42826965214563406,14,0.12321239579055618,-0.2252791371600542,0.46855784872048767,13,0.19257239675825533,0.0
B,w_Win_dist_init,14,6,0.011030758375023422,0.9708148109047374,14,-0.29042921864916815,0.13785738244122722,0.660852189055004,13,-0.1045393010973386,0.4642857142857143
B,w_Win_rel_dist_init,14,6,0.011030758375023422,0.9708148109047374,14,-0.30143032541618203,0.13785738244122722,0.660852189055004,13,-0.11829447229435683,0.4642857142857143
B,w_Win_cos_init,14,6,0.26749589059431794,0.3631909057996114,14,-0.18921903639263982,0.21182963643408084,0.4964017810784912,13,-0.17331515708242978,0.023809523809523808
B,w_Wout_fro,14,6,0.11306527334399008,0.7064668691070703,14,0.23322346346069564,0.1714811342561607,0.583910235078812,13,0.3493813484042632,0.0
B,w_Wout_spec,14,6,0.03860765431258197,0.8980613046720034,14,0.0770077473690976,0.08405937953733367,0.7898943125843485,13,0.27510342394036474,0.9166666666666666
B,w_Wout_stable_rank,14,6,-0.055153791875117104,0.8547115099217121,14,0.16281638015180636,-0.0941465050818137,0.7652439605916248,13,-0.030261376633440123,0.0
B,w_Wout_eff_rank,14,6,0.22613054668798016,0.44535551840536725,14,0.044004427068055775,0.14121975762272057,0.6530127251929092,13,-0.20082549947646627,0.0
B,w_Wout_sv_gini,14,6,-0.22613054668798016,0.44535551840536725,14,-0.07040708330888924,-0.17820588461914735,0.5689366320948318,13,0.16231102012481516,1.0
B,w_Wout_entry_gini,14,6,-0.38607654312581974,0.17686628262544504,14,-0.5544557810575028,-0.39003552105322825,0.19279385235392227,13,-0.4896840946138492,0.9285714285714286
B,w_Wout_row_gini,14,6,-0.2592228218130504,0.3789579933793146,14,-0.5060509112826415,-0.29588901597141454,0.33478509911130117,13,-0.7042647652873337,0.9166666666666666
B,w_Wout_row_pr,14,6,0.2592228218130504,0.3789579933793146,14,0.4928495831622247,0.29588901597141454,0.33478509911130117,13,0.6877585598509118,0.09523809523809523
B,w_Wout_dist_init,14,6,0.11306527334399008,0.7064668691070703,14,0.24202434887430674,0.1714811342561607,0.583910235078812,13,0.3603854853618778,0.03571428571428571
B,w_Wout_rel_dist_init,14,6,0.11306527334399008,0.7064668691070703,14,0.24202434887430674,0.1714811342561607,0.583910235078812,13,0.3603854853618778,0.03571428571428571
B,w_Wout_cos_init,14,6,0.19028058196915404,0.5229037879249068,14,-0.17161726556541748,0.1714811342561607,0.583910235078812,13,-0.18982136251885168,0.3333333333333333
B,rep_dead_frac_te,14,6,,,14,,-0.18885257457751056,0.5455378478509413,13,-0.0772578714180725,0.5
B,attn_to_a_mean,14,6,0.6976954672202313,0.004215473657998912,14,0.41804205714652987,0.7060987881136029,0.005422814492160979,13,0.4099041016711435,0.023809523809523808
B,attn_to_a_head_spread,14,6,0.457776472563472,0.10099411626897854,14,0.6006604294789613,0.4371087735941351,0.13833900181740152,13,0.616231669626417,0.0
B,attn_entropy_mean,14,6,0.013788447968779276,0.9635222586210506,14,0.36963718737166845,0.013449500725973387,0.9660733107627545,13,0.4621737522198128,1.0
B,unit_fourier_sum_share,14,6,-0.457776472563472,0.10099411626897854,14,-0.6754679554946562,-0.4740949005905619,0.10317632007619952,13,-0.5942233957111879,1.0
B,unit_fourier_diff_share,14,6,0.3474688888132378,0.22917653599459498,14,0.49064936180882185,0.30261376633440124,0.32321254531711346,13,0.37964272503770335,0.9523809523809523
B,unit_fourier_marginal_share,14,6,0.3915919223133314,0.17005792861257463,14,0.5742577732381279,0.4001226465977083,0.18019421308137734,13,0.5997254641899951,0.14285714285714285
B,unit_fourier_other_share,14,6,0.20958440912544501,0.480457106936001,14,0.4202422784999326,0.19501776052661413,0.5321667884944128,13,0.24759308154632828,0.0
B,unit_sum_freq_concentration,14,6,-0.4908687476885423,0.07479737968027865,14,-0.3036305467695849,-0.5110810275869887,0.07440230655316998,13,-0.24759308154632828,1.0
B,unit_n_distinct_sum_freqs,14,6,0.1681281465666133,0.5734600756159812,14,0.12124279361921521,0.16217787759994703,0.6048629464829207,13,0.07740307794542926,0.0
B,fout_ipr,14,6,-0.5156879540323449,0.05849620423206654,14,-0.4158418357931271,-0.5379800290389355,0.057235962110334236,13,-0.5337006424443076,0.3333333333333333
B,fout_dc_share,14,6,-0.4605341621572278,0.0986074001468096,14,-0.5346537888768776,-0.4740949005905619,0.10317632007619952,13,-0.6822564913721045,0.30952380952380953
B,fout_top1_share,14,6,0.08824606700018738,0.7691840233021017,14,0.44444471338736335,0.05716037808538689,0.8564034969374108,13,0.5447047794019222,1.0
B,fout_nfreq90,14,6,0.09438583563660173,0.753538505989485,14,-0.15725600982475035,0.1264369018821676,0.6876988523029317,13,-0.22344848841721257,0.0
B,fout_freq_gini,14,6,0.04688072309384954,0.8763484606559596,14,0.2486250129345151,0.01008712554448004,0.9745522980894956,13,0.33562617720724497,1.0
B,fout_freq_eff_n,14,6,-0.1296114109065252,0.6655203818427464,14,-0.3916394009056964,-0.10423363062629375,0.7407825349849702,13,-0.4731778891774273,0.0
B,clock_share,14,6,0.14615754846906034,0.6253753060255423,14,0.5566560024109055,0.07397225399285363,0.8147141446806174,13,0.5116923685290784,1.0
B,clock_nfreq90,14,6,-0.37369933792243176,0.19274833523274748,14,-0.5648084253933464,-0.375471484907757,0.2118861287780101,13,-0.6284354616637924,0.05357142857142857
B,clock_top1_share,14,6,0.19028058196915404,0.5229037879249068,14,0.39603984361250194,0.2084672612525875,0.5034711535502513,13,0.5309496082049039,0.6785714285714286
B,clock_freq_gini,14,6,0.2564651322192945,0.3842893430845644,14,0.4092411717329187,0.28243951524544114,0.3585625857845685,13,0.5474558136413258,0.9761904761904762
B,clock_key_jaccard_final,14,6,-0.19284052548261774,0.5171857848478651,14,-0.062435018077868984,-0.15426476664016434,0.6228932933326967,13,0.08876773784688777,0.6071428571428571
B,clock_restricted_loss_tr,14,6,0.03860765431258197,0.8980613046720034,14,0.20902102857326493,0.0067247503629866935,0.983033586695418,13,0.12379654077316414,0.023809523809523808
B,clock_restricted_acc_tr,14,6,0.17265867898949244,0.5629681593676554,14,-0.24107238107600595,0.18885257457751056,0.5455378478509413,13,-0.23177361425421752,0.4642857142857143
B,clock_excluded_loss_tr,14,6,0.06342686065638467,0.8331636116218505,14,-0.030803098947639045,0.1075960058077871,0.7326740284554152,13,0.18431929404004435,1.0
B,clock_excluded_acc_tr,14,6,0.0938646508927864,0.7548634724698213,14,0.07378854625550661,0.023536626270453425,0.9406578182915488,13,-0.08253102718210942,0.0
B,clock_restricted_loss_te,14,6,0.03860765431258197,0.8980613046720034,14,0.20902102857326493,0.0067247503629866935,0.983033586695418,13,0.12379654077316414,0.023809523809523808
B,clock_restricted_acc_te,14,6,0.2533936651583711,0.39027140544231764,14,0.11552572417573714,0.18885257457751056,0.5455378478509413,13,-0.23177361425421752,0.6607142857142857
B,clock_excluded_loss_te,14,6,0.3722880951570405,0.19461234146397102,14,0.044004427068055775,0.46400777504608187,0.1121169801085988,13,0.2778544581797684,0.4523809523809524
B,clock_excluded_acc_te,14,6,-0.13527552628666278,0.6516830190053235,14,0.12004405286343614,-0.24209101306752098,0.43476486965986416,13,-0.046767582069862,0.5595238095238095
B,fin_ipr,14,6,-0.14339985887530446,0.6320066567531231,14,-0.26182634105493185,-0.08069700435584032,0.7981497271988399,13,-0.15405791740660424,0.9761904761904762
B,fin_dc_share,14,6,-0.26749589059431794,0.3631909057996114,14,0.09020907548951435,-0.33623751814933467,0.2685945102113957,13,0.093535164139724,0.9642857142857143
B,fin_top1_share,14,6,-0.0854883774064315,0.7762367109072026,14,-0.23762390616750118,-0.05379800290389355,0.8647831492489108,13,-0.11829447229435683,0.9880952380952381
B,fin_nfreq90,14,6,0.31992250517467813,0.27147911766934174,14,0.2795595470485245,0.2806232856353629,0.3618373291040909,13,0.11756671057560383,0.07142857142857142
B,fin_freq_gini,14,6,-0.3088612345006558,0.28962160516635244,14,-0.29702988270937647,-0.26899001451946775,0.3831667553320338,13,-0.12104550653376049,0.9523809523809523
B,fin_freq_eff_n,14,6,0.26749589059431794,0.3631909057996114,14,0.26182634105493185,0.22191676197856092,0.4754528021818859,13,0.13755171197018237,0.023809523809523808
C,fn_loss_tr,10,0,-0.06711000765613381,0.8588614575639657,10,-0.18787878787878787,-0.06711000765613381,0.8588614575639657,10,-0.18787878787878787,
C,fn_acc_tr,10,0,0.12309513376328107,0.7434113682501737,10,0.16257940386498781,0.12309513376328107,0.7434113682501737,10,0.16257940386498781,
C,fn_margin_tr,10,0,-0.007456667517348202,0.9842596734761774,10,0.28484848484848485,-0.007456667517348202,0.9842596734761774,10,0.28484848484848485,
C,fn_entropy_tr,10,0,-0.06711000765613381,0.8588614575639657,10,-0.18787878787878787,-0.06711000765613381,0.8588614575639657,10,-0.18787878787878787,
C,fn_loss_te,10,0,0.36537670835006186,0.31080871586206615,10,-0.49090909090909085,0.36537670835006186,0.31080871586206615,10,-0.49090909090909085,
C,fn_acc_te,10,0,-0.3664889687870016,0.3091894388411659,10,0.5045616012544536,-0.3664889687870016,0.3091894388411659,10,0.5045616012544536,
C,fn_margin_te,10,0,-0.36537670835006186,0.31080871586206615,10,0.49090909090909085,-0.36537670835006186,0.31080871586206615,10,0.49090909090909085,
C,fn_entropy_te,10,0,0.24607002807249062,0.5062555609783758,10,-0.49090909090909085,0.24607002807249062,0.5062555609783758,10,-0.49090909090909085,
C,fn_gap_loss,10,0,0.5443367287664187,0.10637647154591574,10,-0.5636363636363636,0.5443367287664187,0.10637647154591574,10,-0.5636363636363636,
C,fn_gap_acc,10,0,0.7254985708640646,0.015021431040530405,10,-0.7598819296000807,0.7254985708640646,0.015021431040530405,10,-0.7598819296000807,
C,fn_class_acc_gini,10,0,0.30665403510749123,0.40186176115303013,10,-0.49240349038085235,0.30665403510749123,0.40186176115303013,10,-0.49240349038085235,
C,w_all_norm,10,0,0.43994338352354384,0.21158479423039267,10,-0.6,0.43994338352354384,0.21158479423039267,10,-0.6,
C,w_all_rel_norm,10,0,0.43994338352354384,0.21158479423039267,10,-0.6,0.43994338352354384,0.21158479423039267,10,-0.6,
C,w_all_dist_init,10,0,0.43994338352354384,0.21158479423039267,10,-0.6121212121212121,0.43994338352354384,0.21158479423039267,10,-0.6121212121212121,
C,w_all_rel_dist_init,10,0,0.43994338352354384,0.21158479423039267,10,-0.6121212121212121,0.43994338352354384,0.21158479423039267,10,-0.6121212121212121,
C,w_all_cos_init,10,0,0.39520337841945463,0.26881480899084587,10,-0.6,0.39520337841945463,0.26881480899084587,10,-0.6,
C,rep_between_within_tr,10,0,0.0820233426908302,0.8278171354606668,10,0.06666666666666665,0.0820233426908302,0.8278171354606668,10,0.06666666666666665,
C,rep_nc1_tr,10,0,-0.5443367287664187,0.10637647154591574,10,0.7212121212121211,-0.5443367287664187,0.10637647154591574,10,0.7212121212121211,
C,rep_eff_rank_te,10,0,0.6934700791133827,0.023753991484270598,10,-0.4545454545454545,0.6934700791133827,0.023753991484270598,10,-0.4545454545454545,
C,rep_pr_te,10,0,-0.4846833886276331,0.16156291852011267,10,0.6,-0.4846833886276331,0.16156291852011267,10,0.6,
C,rep_unit_gini_te,10,0,0.09693667772552661,0.7969639979605473,10,0.28484848484848485,0.09693667772552661,0.7969639979605473,10,0.28484848484848485,
C,rep_unit_pr_te,10,0,-0.4548567185582403,0.19409726876749606,10,0.06666666666666665,-0.4548567185582403,0.19409726876749606,10,0.06666666666666665,
C,rep_between_within_te,10,0,0.0820233426908302,0.8278171354606668,10,0.06666666666666665,0.0820233426908302,0.8278171354606668,10,0.06666666666666665,
C,unit_interaction_share,10,0,0.0521966726214374,0.8900625680523032,10,-0.3939393939393939,0.0521966726214374,0.8900625680523032,10,-0.3939393939393939,
C,unit_frac_interacting,10,0,-0.5160763029857778,0.13087441348588322,10,0.1580554413568168,-0.5160763029857778,0.13087441348588322,10,0.1580554413568168,
C,add_share_a,10,0,0.0820233426908302,0.8278171354606668,10,-0.38181818181818183,0.0820233426908302,0.8278171354606668,10,-0.38181818181818183,
C,add_share_b,10,0,0.3504633733153655,0.3329092098769808,10,-0.5757575757575757,0.3504633733153655,0.3329092098769808,10,-0.5757575757575757,
C,add_share_interaction,10,0,-0.3206367032459727,0.37922078319154173,10,0.5030303030303029,-0.3206367032459727,0.37922078319154173,10,0.5030303030303029,
C,add_acc_interaction_tr,10,0,-0.03728333758674101,0.9213858513878606,10,0.2606060606060606,-0.03728333758674101,0.9213858513878606,10,0.2606060606060606,
C,add_acc_additive_tr,10,0,0.7978634243562575,0.003839856572507273,10,-0.6969696969696969,0.7978634243562575,0.003839856572507273,10,-0.6969696969696969,
C,add_acc_no_a_tr,10,0,0.15852330117794736,0.6723095557741835,10,0.11657319263657127,0.15852330117794736,0.6723095557741835,10,0.11657319263657127,
C,add_acc_no_b_tr,10,0,0.030773783440820268,0.9350876697148386,10,0.2626282677819034,0.030773783440820268,0.9350876697148386,10,0.2626282677819034,
C,add_acc_interaction_te,10,0,-0.27589669814188345,0.4536342558868237,10,0.5151515151515151,-0.27589669814188345,0.4536342558868237,10,0.5151515151515151,
C,add_acc_additive_te,10,0,-0.6934700791133827,0.023753991484270598,10,0.2606060606060606,-0.6934700791133827,0.023753991484270598,10,0.2606060606060606,
C,add_acc_no_a_te,10,0,-0.3664889687870016,0.3091894388411659,10,0.5045616012544536,-0.3664889687870016,0.3091894388411659,10,0.5045616012544536,
C,add_acc_no_b_te,10,0,-0.3664889687870016,0.3091894388411659,10,0.5045616012544536,-0.3664889687870016,0.3091894388411659,10,0.5045616012544536,
C,irr_out_structure,10,0,-0.7680367542868648,0.007213550432642353,10,0.709090909090909,-0.7680367542868648,0.007213550432642353,10,0.709090909090909,
C,irr_out_dominant_share,10,0,-0.7978634243562575,0.003839856572507273,10,0.7333333333333332,-0.7978634243562575,0.003839856572507273,10,0.7333333333333332,
C,irr_out_dominant_over_random,10,0,-0.4846833886276331,0.16156291852011267,10,0.3939393939393939,-0.4846833886276331,0.16156291852011267,10,0.3939393939393939,
C,coset_s_nm1_acc_te,10,0,-0.3664889687870016,0.3091894388411659,10,0.5288778230016562,-0.3664889687870016,0.3091894388411659,10,0.5288778230016562,
C,coset_s_nm1_purity_te,10,0,-0.3664889687870016,0.3091894388411659,10,0.5045616012544536,-0.3664889687870016,0.3091894388411659,10,0.5045616012544536,
C,coset_a_n_acc_te,10,0,-0.45624136930626735,0.19251464761210133,10,0.6018264882432639,-0.45624136930626735,0.19251464761210133,10,0.6018264882432639,
C,coset_a_n_purity_te,10,0,-0.3664889687870016,0.3091894388411659,10,0.5288778230016562,-0.3664889687870016,0.3091894388411659,10,0.5288778230016562,
C,sharp_lambda_max,10,0,-0.14167668282961582,0.705891311685605,10,-0.13939393939393938,-0.14167668282961582,0.705891311685605,10,-0.13939393939393938,
C,sharp_grad_norm,10,0,-0.06711000765613381,0.8588614575639657,10,-0.2121212121212121,-0.06711000765613381,0.8588614575639657,10,-0.2121212121212121,
C,sharp_lr_lambda,10,0,-0.14167668282961582,0.705891311685605,10,-0.13939393939393938,-0.14167668282961582,0.705891311685605,10,-0.13939393939393938,
C,w_WE_fro,10,0,0.3504633733153655,0.3329092098769808,10,-0.11515151515151514,0.3504633733153655,0.3329092098769808,10,-0.11515151515151514,
C,w_WE_spec,10,0,0.06711000765613381,0.8588614575639657,10,0.0303030303030303,0.06711000765613381,0.8588614575639657,10,0.0303030303030303,
C,w_WE_stable_rank,10,0,0.49959672366232943,0.14652796409720595,10,-0.4424242424242424,0.49959672366232943,0.14652796409720595,10,-0.4424242424242424,
C,w_WE_eff_rank,10,0,0.43994338352354384,0.21158479423039267,10,-0.6606060606060605,0.43994338352354384,0.21158479423039267,10,-0.6606060606060605,
C,w_WE_sv_gini,10,0,-0.43994338352354384,0.21158479423039267,10,0.6606060606060605,-0.43994338352354384,0.21158479423039267,10,0.6606060606060605,
C,w_WE_entry_gini,10,0,-0.12676334779491943,0.7359674647190895,10,-0.0303030303030303,-0.12676334779491943,0.7359674647190895,10,-0.0303030303030303,
C,w_WE_row_gini,10,0,-0.29081003317657983,0.4282017333428428,10,-0.07878787878787878,-0.29081003317657983,0.4282017333428428,10,-0.07878787878787878,
C,w_WE_row_pr,10,0,0.29081003317657983,0.4282017333428428,10,0.07878787878787878,0.29081003317657983,0.4282017333428428,10,0.07878787878787878,
C,w_WE_dist_init,10,0,0.3504633733153655,0.3329092098769808,10,-0.11515151515151514,0.3504633733153655,0.3329092098769808,10,-0.11515151515151514,
C,w_WE_rel_dist_init,10,0,0.3504633733153655,0.3329092098769808,10,-0.11515151515151514,0.3504633733153655,0.3329092098769808,10,-0.11515151515151514,
C,w_WE_cos_init,10,0,0.6189034039399006,0.05568722499362335,10,-0.7454545454545454,0.6189034039399006,0.05568722499362335,10,-0.7454545454545454,
C,w_WU_fro,10,0,0.24607002807249062,0.5062555609783758,10,-0.04242424242424241,0.24607002807249062,0.5062555609783758,10,-0.04242424242424241,
C,w_WU_spec,10,0,0.29081003317657983,0.4282017333428428,10,-0.10303030303030303,0.29081003317657983,0.4282017333428428,10,-0.10303030303030303,
C,w_WU_stable_rank,10,0,0.26098336310718706,0.4796610688352011,10,-0.09090909090909088,0.26098336310718706,0.4796610688352011,10,-0.09090909090909088,
C,w_WU_eff_rank,10,0,0.6934700791133827,0.023753991484270598,10,-0.7818181818181817,0.6934700791133827,0.023753991484270598,10,-0.7818181818181817,
C,w_WU_sv_gini,10,0,-0.5443367287664187,0.10637647154591574,10,0.6848484848484848,-0.5443367287664187,0.10637647154591574,10,0.6848484848484848,
C,w_WU_entry_gini,10,0,0.36537670835006186,0.31080871586206615,10,-0.16363636363636364,0.36537670835006186,0.31080871586206615,10,-0.16363636363636364,
C,w_WU_row_gini,10,0,0.29081003317657983,0.4282017333428428,10,-0.06666666666666665,0.29081003317657983,0.4282017333428428,10,-0.06666666666666665,
C,w_WU_row_pr,10,0,-0.29081003317657983,0.4282017333428428,10,0.06666666666666665,-0.29081003317657983,0.4282017333428428,10,0.06666666666666665,
C,w_WU_dist_init,10,0,0.36537670835006186,0.31080871586206615,10,0.04242424242424241,0.36537670835006186,0.31080871586206615,10,0.04242424242424241,
C,w_WU_rel_dist_init,10,0,0.26098336310718706,0.4796610688352011,10,0.11515151515151514,0.26098336310718706,0.4796610688352011,10,0.11515151515151514,
C,w_WU_cos_init,10,0,0.49959672366232943,0.14652796409720595,10,-0.5515151515151515,0.49959672366232943,0.14652796409720595,10,-0.5515151515151515,
C,w_WQ_fro,10,0,0.6039900689052043,0.06424841541841508,10,-0.4787878787878787,0.6039900689052043,0.06424841541841508,10,-0.4787878787878787,
C,w_WQ_spec,10,0,0.6039900689052043,0.06424841541841508,10,-0.3939393939393939,0.6039900689052043,0.06424841541841508,10,-0.3939393939393939,
C,w_WQ_stable_rank,10,0,-0.20133002296840144,0.5891649852754497,10,-0.11515151515151514,-0.20133002296840144,0.5891649852754497,10,-0.11515151515151514,
C,w_WQ_eff_rank,10,0,0.49959672366232943,0.14652796409720595,10,-0.6,0.49959672366232943,0.14652796409720595,10,-0.6,
C,w_WQ_sv_gini,10,0,-0.5592500638011151,0.09463670612104542,10,0.6363636363636362,-0.5592500638011151,0.09463670612104542,10,0.6363636363636362,
C,w_WQ_entry_gini,10,0,-0.36537670835006186,0.31080871586206615,10,0.2606060606060606,-0.36537670835006186,0.31080871586206615,10,0.2606060606060606,
C,w_WQ_row_gini,10,0,0.6636434090439898,0.03445208587914955,10,-0.406060606060606,0.6636434090439898,0.03445208587914955,10,-0.406060606060606,
C,w_WQ_row_pr,10,0,-0.5741633988358115,0.08370914030256695,10,0.5030303030303029,-0.5741633988358115,0.08370914030256695,10,0.5030303030303029,
C,w_WQ_dist_init,10,0,0.6039900689052043,0.06424841541841508,10,-0.4787878787878787,0.6039900689052043,0.06424841541841508,10,-0.4787878787878787,
C,w_WQ_rel_dist_init,10,0,0.6039900689052043,0.06424841541841508,10,-0.4787878787878787,0.6039900689052043,0.06424841541841508,10,-0.4787878787878787,
C,w_WQ_cos_init,10,0,0.36537670835006186,0.31080871586206615,10,-0.0303030303030303,0.36537670835006186,0.31080871586206615,10,-0.0303030303030303,
C,w_WK_fro,10,0,-0.27589669814188345,0.4536342558868237,10,0.2606060606060606,-0.27589669814188345,0.4536342558868237,10,0.2606060606060606,
C,w_WK_spec,10,0,-0.4697700535929367,0.17742097676440244,10,0.5030303030303029,-0.4697700535929367,0.17742097676440244,10,0.5030303030303029,
C,w_WK_stable_rank,10,0,0.5294233937317222,0.11893562376556813,10,-0.6,0.5294233937317222,0.11893562376556813,10,-0.6,
C,w_WK_eff_rank,10,0,0.5592500638011151,0.09463670612104542,10,-0.6363636363636362,0.5592500638011151,0.09463670612104542,10,-0.6363636363636362,
C,w_WK_sv_gini,10,0,-0.5592500638011151,0.09463670612104542,10,0.6363636363636362,-0.5592500638011151,0.09463670612104542,10,0.6363636363636362,
C,w_WK_entry_gini,10,0,-0.18641668793370503,0.6177458537185911,10,0.11515151515151514,-0.18641668793370503,0.6177458537185911,10,0.11515151515151514,
C,w_WK_row_gini,10,0,0.18641668793370503,0.6177458537185911,10,-0.23636363636363633,0.18641668793370503,0.6177458537185911,10,-0.23636363636363633,
C,w_WK_row_pr,10,0,-0.43994338352354384,0.21158479423039267,10,0.4666666666666666,-0.43994338352354384,0.21158479423039267,10,0.4666666666666666,
C,w_WK_dist_init,10,0,-0.27589669814188345,0.4536342558868237,10,0.2606060606060606,-0.27589669814188345,0.4536342558868237,10,0.2606060606060606,
C,w_WK_rel_dist_init,10,0,-0.27589669814188345,0.4536342558868237,10,0.2606060606060606,-0.27589669814188345,0.4536342558868237,10,0.2606060606060606,
C,w_WK_cos_init,10,0,0.23115669303779424,0.5333901601508808,10,-0.49090909090909085,0.23115669303779424,0.5333901601508808,10,-0.49090909090909085,
C,w_WV_fro,10,0,0.3504633733153655,0.3329092098769808,10,-0.3696969696969697,0.3504633733153655,0.3329092098769808,10,-0.3696969696969697,
C,w_WV_spec,10,0,-0.24607002807249062,0.5062555609783758,10,0.10303030303030303,-0.24607002807249062,0.5062555609783758,10,0.10303030303030303,
C,w_WV_stable_rank,10,0,0.7531234192521683,0.009509081965252198,10,-0.6363636363636362,0.7531234192521683,0.009509081965252198,10,-0.6363636363636362,
C,w_WV_eff_rank,10,0,0.5890767338705079,0.07358391312108974,10,-0.6,0.5890767338705079,0.07358391312108974,10,-0.6,
C,w_WV_sv_gini,10,0,-0.5890767338705079,0.07358391312108974,10,0.6484848484848483,-0.5890767338705079,0.07358391312108974,10,0.6484848484848483,
C,w_WV_entry_gini,10,0,-0.3057233682112762,0.4033890824402738,10,0.5151515151515151,-0.3057233682112762,0.4033890824402738,10,0.5151515151515151,
C,w_WV_row_gini,10,0,-0.49959672366232943,0.14652796409720595,10,0.6121212121212121,-0.49959672366232943,0.14652796409720595,10,0.6121212121212121,
C,w_WV_row_pr,10,0,0.49959672366232943,0.14652796409720595,10,-0.6606060606060605,0.49959672366232943,0.14652796409720595,10,-0.6606060606060605,
C,w_WV_dist_init,10,0,0.3504633733153655,0.3329092098769808,10,-0.309090909090909,0.3504633733153655,0.3329092098769808,10,-0.309090909090909,
C,w_WV_rel_dist_init,10,0,0.3504633733153655,0.3329092098769808,10,-0.309090909090909,0.3504633733153655,0.3329092098769808,10,-0.309090909090909,
C,w_WV_cos_init,10,0,0.6785567440786864,0.028776149166431685,10,-0.8545454545454544,0.6785567440786864,0.028776149166431685,10,-0.8545454545454544,
C,w_WO_fro,10,0,0.17150335289900864,0.6467482380351474,10,-0.17575757575757575,0.17150335289900864,0.6467482380351474,10,-0.17575757575757575,
C,w_WO_spec,10,0,-0.4250300484888475,0.22987451785647012,10,0.29696969696969694,-0.4250300484888475,0.22987451785647012,10,0.29696969696969694,
C,w_WO_stable_rank,10,0,0.7978634243562575,0.003839856572507273,10,-0.6484848484848483,0.7978634243562575,0.003839856572507273,10,-0.6484848484848483,
C,w_WO_eff_rank,10,0,0.7680367542868648,0.007213550432642353,10,-0.7575757575757575,0.7680367542868648,0.007213550432642353,10,-0.7575757575757575,
C,w_WO_sv_gini,10,0,-0.6039900689052043,0.06424841541841508,10,0.7212121212121211,-0.6039900689052043,0.06424841541841508,10,0.7212121212121211,
C,w_WO_entry_gini,10,0,0.21624335800309782,0.5610364000964042,10,-0.01818181818181818,0.21624335800309782,0.5610364000964042,10,-0.01818181818181818,
C,w_WO_row_gini,10,0,-0.5294233937317222,0.11893562376556813,10,0.6121212121212121,-0.5294233937317222,0.11893562376556813,10,0.6121212121212121,
C,w_WO_row_pr,10,0,0.5294233937317222,0.11893562376556813,10,-0.6121212121212121,0.5294233937317222,0.11893562376556813,10,-0.6121212121212121,
C,w_WO_dist_init,10,0,0.0820233426908302,0.8278171354606668,10,-0.11515151515151514,0.0820233426908302,0.8278171354606668,10,-0.11515151515151514,
C,w_WO_rel_dist_init,10,0,0.0820233426908302,0.8278171354606668,10,-0.11515151515151514,0.0820233426908302,0.8278171354606668,10,-0.11515151515151514,
C,w_WO_cos_init,10,0,0.49959672366232943,0.14652796409720595,10,-0.5515151515151515,0.49959672366232943,0.14652796409720595,10,-0.5515151515151515,
C,w_Win_fro,10,0,-0.007456667517348202,0.9842596734761774,10,-0.43030303030303024,-0.007456667517348202,0.9842596734761774,10,-0.43030303030303024,
C,w_Win_spec,10,0,-0.3057233682112762,0.4033890824402738,10,-0.07878787878787878,-0.3057233682112762,0.4033890824402738,10,-0.07878787878787878,
C,w_Win_stable_rank,10,0,0.39520337841945463,0.26881480899084587,10,-0.4424242424242424,0.39520337841945463,0.26881480899084587,10,-0.4424242424242424,
C,w_Win_eff_rank,10,0,0.7978634243562575,0.003839856572507273,10,-0.7939393939393938,0.7978634243562575,0.003839856572507273,10,-0.7939393939393938,
C,w_Win_sv_gini,10,0,-0.7978634243562575,0.003839856572507273,10,0.8060606060606059,-0.7978634243562575,0.003839856572507273,10,0.8060606060606059,
C,w_Win_entry_gini,10,0,-0.4548567185582403,0.19409726876749606,10,0.6969696969696969,-0.4548567185582403,0.19409726876749606,10,0.6969696969696969,
C,w_Win_row_gini,10,0,-0.5890767338705079,0.07358391312108974,10,0.6242424242424242,-0.5890767338705079,0.07358391312108974,10,0.6242424242424242,
C,w_Win_row_pr,10,0,0.3504633733153655,0.3329092098769808,10,-0.5151515151515151,0.3504633733153655,0.3329092098769808,10,-0.5151515151515151,
C,w_Win_dist_init,10,0,-0.17150335289900864,0.6467482380351474,10,-0.22424242424242422,-0.17150335289900864,0.6467482380351474,10,-0.22424242424242422,
C,w_Win_rel_dist_init,10,0,-0.17150335289900864,0.6467482380351474,10,-0.22424242424242422,-0.17150335289900864,0.6467482380351474,10,-0.22424242424242422,
C,w_Win_cos_init,10,0,0.36537670835006186,0.31080871586206615,10,-0.6242424242424242,0.36537670835006186,0.31080871586206615,10,-0.6242424242424242,
C,w_Wout_fro,10,0,0.3057233682112762,0.4033890824402738,10,-0.32121212121212117,0.3057233682112762,0.4033890824402738,10,-0.32121212121212117,
C,w_Wout_spec,10,0,-0.0521966726214374,0.8900625680523032,10,0.01818181818181818,-0.0521966726214374,0.8900625680523032,10,0.01818181818181818,
C,w_Wout_stable_rank,10,0,0.3206367032459727,0.37922078319154173,10,-0.309090909090909,0.3206367032459727,0.37922078319154173,10,-0.309090909090909,
C,w_Wout_eff_rank,10,0,0.39520337841945463,0.26881480899084587,10,-0.5515151515151515,0.39520337841945463,0.26881480899084587,10,-0.5515151515151515,
C,w_Wout_sv_gini,10,0,-0.39520337841945463,0.26881480899084587,10,0.5515151515151515,-0.39520337841945463,0.26881480899084587,10,0.5515151515151515,
C,w_Wout_entry_gini,10,0,-0.5890767338705079,0.07358391312108974,10,0.7333333333333332,-0.5890767338705079,0.07358391312108974,10,0.7333333333333332,
C,w_Wout_row_gini,10,0,-0.5443367287664187,0.10637647154591574,10,0.7454545454545454,-0.5443367287664187,0.10637647154591574,10,0.7454545454545454,
C,w_Wout_row_pr,10,0,0.5294233937317222,0.11893562376556813,10,-0.6484848484848483,0.5294233937317222,0.11893562376556813,10,-0.6484848484848483,
C,w_Wout_dist_init,10,0,0.3057233682112762,0.4033890824402738,10,-0.32121212121212117,0.3057233682112762,0.4033890824402738,10,-0.32121212121212117,
C,w_Wout_rel_dist_init,10,0,0.3057233682112762,0.4033890824402738,10,-0.32121212121212117,0.3057233682112762,0.4033890824402738,10,-0.32121212121212117,
C,w_Wout_cos_init,10,0,0.27589669814188345,0.4536342558868237,10,-0.24848484848484845,0.27589669814188345,0.4536342558868237,10,-0.24848484848484845,
C,attn_to_a_mean,10,0,0.3206367032459727,0.37922078319154173,10,-0.5515151515151515,0.3206367032459727,0.37922078319154173,10,-0.5515151515151515,
C,attn_to_a_head_spread,10,0,0.29081003317657983,0.4282017333428428,10,0.24848484848484845,0.29081003317657983,0.4282017333428428,10,0.24848484848484845,
C,attn_entropy_mean,10,0,-0.36537670835006186,0.31080871586206615,10,-0.006060606060606061,-0.36537670835006186,0.31080871586206615,10,-0.006060606060606061,
C,irr_E_structure,10,0,-0.6934700791133827,0.023753991484270598,10,0.7575757575757575,-0.6934700791133827,0.023753991484270598,10,0.7575757575757575,
C,irr_E_dominant_share,10,0,-0.4697700535929367,0.17742097676440244,10,0.5272727272727272,-0.4697700535929367,0.17742097676440244,10,0.5272727272727272,
C,irr_E_dominant_over_random,10,0,-0.6934700791133827,0.023753991484270598,10,0.5515151515151515,-0.6934700791133827,0.023753991484270598,10,0.5515151515151515,
C,irr_E_5,10,0,-0.4548567185582403,0.19409726876749606,10,0.4666666666666666,-0.4548567185582403,0.19409726876749606,10,0.4666666666666666,
C,irr_E_41,10,0,-0.17150335289900864,0.6467482380351474,10,0.12727272727272726,-0.17150335289900864,0.6467482380351474,10,0.12727272727272726,
C,irr_E_32,10,0,0.11185001276022301,0.7663361720275579,10,-0.34545454545454546,0.11185001276022301,0.7663361720275579,10,-0.34545454545454546,
C,irr_E_311,10,0,0.29081003317657983,0.4282017333428428,10,-0.5151515151515151,0.29081003317657983,0.4282017333428428,10,-0.5151515151515151,
C,irr_E_221,10,0,0.20133002296840144,0.5891649852754497,10,-0.2121212121212121,0.20133002296840144,0.5891649852754497,10,-0.2121212121212121,
C,irr_E_2111,10,0,0.5741633988358115,0.08370914030256695,10,-0.5393939393939393,0.5741633988358115,0.08370914030256695,10,-0.5393939393939393,
C,irr_E_11111,10,0,-0.0820233426908302,0.8278171354606668,10,-0.11515151515151514,-0.0820233426908302,0.8278171354606668,10,-0.11515151515151514,
D,fn_loss_tr,3,6,,,3,,,,3,,0.8333333333333334
D,fn_acc_tr,3,6,,,3,,,,3,,0.5833333333333334
D,fn_margin_tr,3,6,,,3,,,,3,,0.3333333333333333
D,fn_entropy_tr,3,6,,,3,,,,3,,0.8333333333333334
D,fn_loss_te,3,6,,,3,,,,3,,0.3333333333333333
D,fn_acc_te,3,6,,,3,,,,3,,0.7222222222222222
D,fn_margin_te,3,6,,,3,,,,3,,0.8888888888888888
D,fn_entropy_te,3,6,,,3,,,,3,,0.9444444444444444
D,fn_gap_loss,3,6,,,3,,,,3,,0.16666666666666666
D,fn_gap_acc,3,6,,,3,,,,3,,0.2777777777777778
D,fn_class_acc_gini,3,6,,,3,,,,3,,0.2222222222222222
D,w_W1_fro,3,6,,,3,,,,3,,0.2777777777777778
D,w_W1_spec,3,6,,,3,,,,3,,0.2777777777777778
D,w_W1_stable_rank,3,6,,,3,,,,3,,0.6111111111111112
D,w_W1_eff_rank,3,6,,,3,,,,3,,0.16666666666666666
D,w_W1_sv_gini,3,6,,,3,,,,3,,0.8888888888888888
D,w_W1_entry_gini,3,6,,,3,,,,3,,0.16666666666666666
D,w_W1_row_gini,3,6,,,3,,,,3,,0.5
D,w_W1_row_pr,3,6,,,3,,,,3,,0.4444444444444444
D,w_W1_dist_init,3,6,,,3,,,,3,,0.2777777777777778
D,w_W1_rel_dist_init,3,6,,,3,,,,3,,0.3333333333333333
D,w_W1_cos_init,3,6,,,3,,,,3,,0.2777777777777778
D,w_W2_fro,3,6,,,3,,,,3,,0.2777777777777778
D,w_W2_spec,3,6,,,3,,,,3,,0.3333333333333333
D,w_W2_stable_rank,3,6,,,3,,,,3,,0.6111111111111112
D,w_W2_eff_rank,3,6,,,3,,,,3,,0.6111111111111112
D,w_W2_sv_gini,3,6,,,3,,,,3,,0.2777777777777778
D,w_W2_entry_gini,3,6,,,3,,,,3,,0.6666666666666666
D,w_W2_row_gini,3,6,,,3,,,,3,,0.3333333333333333
D,w_W2_row_pr,3,6,,,3,,,,3,,0.6666666666666666
D,w_W2_dist_init,3,6,,,3,,,,3,,0.2777777777777778
D,w_W2_rel_dist_init,3,6,,,3,,,,3,,0.3333333333333333
D,w_W2_cos_init,3,6,,,3,,,,3,,0.3333333333333333
D,w_all_norm,3,6,,,3,,,,3,,0.2777777777777778
D,w_all_rel_norm,3,6,,,3,,,,3,,0.3333333333333333
D,w_all_dist_init,3,6,,,3,,,,3,,0.2777777777777778
D,w_all_rel_dist_init,3,6,,,3,,,,3,,0.3333333333333333
D,w_all_cos_init,3,6,,,3,,,,3,,0.2777777777777778
D,rep_between_within_tr,3,6,,,3,,,,3,,0.3888888888888889
D,rep_nc1_tr,3,6,,,3,,,,3,,0.2777777777777778
D,rep_eff_rank_te,3,6,,,3,,,,3,,0.3333333333333333
D,rep_pr_te,3,6,,,3,,,,3,,0.6111111111111112
D,rep_unit_gini_te,3,6,,,3,,,,3,,0.6111111111111112
D,rep_unit_pr_te,3,6,,,3,,,,3,,0.3888888888888889
D,rep_between_within_te,3,6,,,3,,,,3,,0.3888888888888889
D,unit_interaction_share,3,6,,,3,,,,3,,0.7777777777777778
D,unit_frac_interacting,3,6,,,3,,,,3,,0.5
D,add_share_a,3,6,,,3,,,,3,,0.5555555555555556
D,add_share_b,3,6,,,3,,,,3,,0.5555555555555556
D,add_share_interaction,3,6,,,3,,,,3,,0.3888888888888889
D,add_acc_interaction_tr,3,6,,,3,,,,3,,0.7777777777777778
D,add_acc_additive_tr,3,6,,,3,,,,3,,0.8333333333333334
D,add_acc_no_a_tr,3,6,,,3,,,,3,,0.6944444444444444
D,add_acc_no_b_tr,3,6,,,3,,,,3,,0.6111111111111112
D,add_acc_interaction_te,3,6,,,3,,,,3,,0.8888888888888888
D,add_acc_additive_te,3,6,,,3,,,,3,,0.4166666666666667
D,add_acc_no_a_te,3,6,,,3,,,,3,,0.7222222222222222
D,add_acc_no_b_te,3,6,,,3,,,,3,,0.7222222222222222
D,irr_U_structure,3,6,,,3,,,,3,,0.7777777777777778
D,irr_U_dominant_share,3,6,,,3,,,,3,,0.2777777777777778
D,irr_U_dominant_over_random,3,6,,,3,,,,3,,0.5
D,irr_U_5,3,6,,,3,,,,3,,0.3333333333333333
D,irr_U_41,3,6,,,3,,,,3,,0.8333333333333334
D,irr_U_32,3,6,,,3,,,,3,,0.5
D,irr_U_311,3,6,,,3,,,,3,,0.16666666666666666
D,irr_U_221,3,6,,,3,,,,3,,0.4444444444444444
D,irr_U_2111,3,6,,,3,,,,3,,0.5
D,irr_U_11111,3,6,,,3,,,,3,,0.2777777777777778
D,irr_V_structure,3,6,,,3,,,,3,,0.8333333333333334
D,irr_V_dominant_share,3,6,,,3,,,,3,,0.2777777777777778
D,irr_V_dominant_over_random,3,6,,,3,,,,3,,0.4444444444444444
D,irr_out_structure,3,6,,,3,,,,3,,0.3333333333333333
D,irr_out_dominant_share,3,6,,,3,,,,3,,0.3888888888888889
D,irr_out_dominant_over_random,3,6,,,3,,,,3,,0.3888888888888889
D,coset_s_nm1_acc_te,3,6,,,3,,,,3,,0.7777777777777778
D,coset_s_nm1_purity_te,3,6,,,3,,,,3,,0.7222222222222222
D,coset_a_n_acc_te,3,6,,,3,,,,3,,0.3888888888888889
D,coset_a_n_purity_te,3,6,,,3,,,,3,,0.7222222222222222
D,circ_share_interaction_tr,3,6,,,3,,,,3,,0.3888888888888889
D,circ_share_marginal_tr,3,6,,,3,,,,3,,0.5
D,circ_acc_interaction_tr,3,6,,,3,,,,3,,0.8333333333333334
D,circ_acc_marginal_tr,3,6,,,3,,,,3,,0.7222222222222222
D,circ_units_tr,3,6,,,3,,,,3,,0.4444444444444444
D,circ_share_interaction_te,3,6,,,3,,,,3,,0.3888888888888889
D,circ_share_marginal_te,3,6,,,3,,,,3,,0.6111111111111112
D,circ_acc_interaction_te,3,6,,,3,,,,3,,0.8888888888888888
D,circ_acc_marginal_te,3,6,,,3,,,,3,,0.3333333333333333
D,circ_units_te,3,6,,,3,,,,3,,0.4444444444444444
D,sharp_lambda_max,3,6,,,3,,,,3,,0.16666666666666666
D,sharp_grad_norm,3,6,,,3,,,,3,,0.7222222222222222
D,sharp_lr_lambda,3,6,,,3,,,,3,,0.16666666666666666
E,fn_loss_tr,6,5,0.4058397249567139,0.455754071680007,6,0.4058397249567139,-0.9276336570439174,0.004475261593220677,6,-0.898645105261295,0.4
E,fn_acc_tr,6,5,0.9856107606091624,1.9804692587329114e-05,6,0.9276336570439174,0.9240616554505461,0.005122470021435109,6,0.954863710632231,0.7666666666666667
E,fn_margin_tr,6,5,-0.4058397249567139,0.455754071680007,6,-0.4058397249567139,0.05797710356524484,0.9199219544794973,6,0.02898855178262242,0.6
E,fn_entropy_tr,6,5,0.3768511731740915,0.49236122518680775,6,0.28988551782622424,-0.05797710356524484,0.9199219544794973,6,-0.02898855178262242,0.4
E,fn_loss_te,6,5,0.753702346348183,0.08913862031451135,6,0.753702346348183,0.4638168285219587,0.3844247640177747,6,0.550782483869826,0.5333333333333333
E,fn_acc_te,6,5,-0.753702346348183,0.08913862031451135,6,-0.8116794499134278,-0.3768511731740915,0.49236122518680775,6,-0.4058397249567139,0.6
E,fn_margin_te,6,5,-0.753702346348183,0.08913862031451135,6,-0.753702346348183,-0.4638168285219587,0.3844247640177747,6,-0.4928053803045812,0.5666666666666667
E,fn_entropy_te,6,5,-0.753702346348183,0.08913862031451135,6,-0.8116794499134278,0.4638168285219587,0.3844247640177747,6,0.4928053803045812,0.13333333333333333
E,fn_gap_loss,6,5,0.753702346348183,0.08913862031451135,6,0.8116794499134278,0.4638168285219587,0.3844247640177747,6,0.550782483869826,0.5666666666666667
E,fn_gap_acc,6,5,0.753702346348183,0.08913862031451135,6,0.8116794499134278,0.6377481392176932,0.19134681625248356,6,0.6377481392176932,0.4
E,fn_class_acc_gini,6,5,0.5797710356524485,0.2514553721293088,6,0.6377481392176932,0.14494275891311212,0.8004005410116972,6,0.23190841426097936,0.26666666666666666
E,w_all_norm,6,5,0.9856107606091624,1.9804692587329114e-05,6,0.9276336570439174,-0.753702346348183,0.08913862031451135,6,-0.8116794499134278,0.5666666666666667
E,w_all_rel_norm,6,5,0.9276336570439174,0.004475261593220677,6,0.9276336570439174,-0.753702346348183,0.08913862031451135,6,-0.8116794499134278,0.5666666666666667
E,w_all_dist_init,6,5,-0.8116794499134278,0.04992993606727255,6,-0.8406680016960504,0.05797710356524484,0.9199219544794973,6,0.02898855178262242,0.3333333333333333
E,w_all_rel_dist_init,6,5,-0.8116794499134278,0.04992993606727255,6,-0.8406680016960504,0.05797710356524484,0.9199219544794973,6,-0.02898855178262242,0.3333333333333333
E,w_all_cos_init,6,5,0.4638168285219587,0.3844247640177747,6,0.550782483869826,-0.11595420713048968,0.8401152780893483,6,-0.05797710356524484,0.7333333333333333
E,rep_between_within_tr,6,5,-0.753702346348183,0.08913862031451135,6,-0.753702346348183,-0.14494275891311212,0.8004005410116972,6,-0.23190841426097936,0.3
E,rep_nc1_tr,6,5,0.8116794499134278,0.04992993606727255,6,0.8406680016960504,-0.05797710356524484,0.9199219544794973,6,0.02898855178262242,0.3333333333333333
E,rep_eff_rank_te,6,5,0.9276336570439174,0.004475261593220677,6,0.898645105261295,0.4058397249567139,0.455754071680007,6,0.5217939320872036,0.8333333333333334
E,rep_pr_te,6,5,0.5797710356524485,0.2514553721293088,6,0.6377481392176932,0.4638168285219587,0.3844247640177747,6,0.550782483869826,0.9333333333333333
E,rep_unit_gini_te,6,5,0.11595420713048968,0.8401152780893483,6,-0.05797710356524484,-0.4058397249567139,0.455754071680007,6,-0.5217939320872036,0.4
E,rep_unit_pr_te,6,5,-0.3188740696088466,0.5671472903704826,6,-0.14494275891311212,-0.02898855178262242,0.9599441128066393,6,0.11595420713048968,0.6
E,rep_between_within_te,6,5,-0.753702346348183,0.08913862031451135,6,-0.8116794499134278,-0.14494275891311212,0.8004005410116972,6,-0.23190841426097936,0.3
E,sharp_lambda_max,6,5,0.8116794499134278,0.04992993606727255,6,0.898645105261295,-0.05797710356524484,0.9199219544794973,6,0.02898855178262242,0.26666666666666666
E,sharp_grad_norm,6,5,0.753702346348183,0.08913862031451135,6,0.753702346348183,-0.3188740696088466,0.5671472903704826,6,-0.3188740696088466,0.3333333333333333
E,sharp_lr_lambda,6,5,0.8116794499134278,0.04992993606727255,6,0.898645105261295,-0.05797710356524484,0.9199219544794973,6,0.02898855178262242,0.26666666666666666
E,rep_dead_frac_te,6,5,,,6,,,,6,,0.4
E,w_L0_fro,6,5,0.8116794499134278,0.04992993606727255,6,0.753702346348183,-0.8116794499134278,0.04992993606727255,6,-0.898645105261295,0.5666666666666667
E,w_L0_spec,6,5,-0.05797710356524484,0.9199219544794973,6,-0.02898855178262242,-0.05797710356524484,0.9199219544794973,6,-0.02898855178262242,0.2
E,w_L0_stable_rank,6,5,0.9276336570439174,0.004475261593220677,6,0.8406680016960504,0.05797710356524484,0.9199219544794973,6,-0.02898855178262242,0.7333333333333333
E,w_L0_eff_rank,6,5,0.5797710356524485,0.2514553721293088,6,0.550782483869826,0.05797710356524484,0.9199219544794973,6,0.02898855178262242,0.8333333333333334
E,w_L0_sv_gini,6,5,-0.5797710356524485,0.2514553721293088,6,-0.550782483869826,-0.05797710356524484,0.9199219544794973,6,-0.02898855178262242,0.16666666666666666
E,w_L0_entry_gini,6,5,-0.5797710356524485,0.2514553721293088,6,-0.550782483869826,0.11595420713048968,0.8401152780893483,6,0.05797710356524484,0.26666666666666666
E,w_L0_row_gini,6,5,-0.5797710356524485,0.2514553721293088,6,-0.5797710356524485,0.11595420713048968,0.8401152780893483,6,0.05797710356524484,0.23333333333333334
E,w_L0_row_pr,6,5,0.4638168285219587,0.3844247640177747,6,0.4928053803045812,-0.11595420713048968,0.8401152780893483,6,-0.05797710356524484,0.7666666666666667
E,w_L0_dist_init,6,5,-0.8116794499134278,0.04992993606727255,6,-0.898645105261295,-0.05797710356524484,0.9199219544794973,6,-0.11595420713048968,0.13333333333333333
E,w_L0_rel_dist_init,6,5,-0.8116794499134278,0.04992993606727255,6,-0.898645105261295,0.05797710356524484,0.9199219544794973,6,-0.02898855178262242,0.13333333333333333
E,w_L0_cos_init,6,5,0.4638168285219587,0.3844247640177747,6,0.550782483869826,-0.11595420713048968,0.8401152780893483,6,-0.05797710356524484,0.8
E,w_L1_fro,6,5,0.9276336570439174,0.004475261593220677,6,0.9276336570439174,-0.8116794499134278,0.04992993606727255,6,-0.8116794499134278,0.6
E,w_L1_spec,6,5,0.9276336570439174,0.004475261593220677,6,0.8406680016960504,-0.4638168285219587,0.3844247640177747,6,-0.550782483869826,0.5333333333333333
E,w_L1_stable_rank,6,5,0.6957252427829381,0.13681021640030916,6,0.753702346348183,-0.05797710356524484,0.9199219544794973,6,0.02898855178262242,0.7333333333333333
E,w_L1_eff_rank,6,5,0.9276336570439174,0.004475261593220677,6,0.8406680016960504,0.02898855178262242,0.9599441128066393,6,-0.05797710356524484,0.8
E,w_L1_sv_gini,6,5,-0.8696565534786727,0.021081725238620452,6,-0.753702346348183,-0.11595420713048968,0.8401152780893483,6,-0.05797710356524484,0.2
E,w_L1_entry_gini,6,5,-0.6377481392176932,0.19134681625248356,6,-0.5797710356524485,-0.11595420713048968,0.8401152780893483,6,-0.05797710356524484,0.26666666666666666
E,w_L1_row_gini,6,5,-0.5797710356524485,0.2514553721293088,6,-0.6377481392176932,-0.11595420713048968,0.8401152780893483,6,-0.05797710356524484,0.13333333333333333
E,w_L1_row_pr,6,5,0.5797710356524485,0.2514553721293088,6,0.6377481392176932,0.11595420713048968,0.8401152780893483,6,0.05797710356524484,0.8333333333333334
E,w_L1_dist_init,6,5,-0.9276336570439174,0.004475261593220677,6,-0.8406680016960504,0.05797710356524484,0.9199219544794973,6,0.11595420713048968,0.3333333333333333
E,w_L1_rel_dist_init,6,5,-0.9276336570439174,0.004475261593220677,6,-0.9276336570439174,0.05797710356524484,0.9199219544794973,6,0.02898855178262242,0.3333333333333333
E,w_L1_cos_init,6,5,0.4638168285219587,0.3844247640177747,6,0.4928053803045812,-0.11595420713048968,0.8401152780893483,6,-0.11595420713048968,0.6666666666666666
E,w_L2_fro,6,5,0.753702346348183,0.08913862031451135,6,0.8116794499134278,-0.05797710356524484,0.9199219544794973,6,0.08696565534786727,0.6333333333333333
E,w_L2_spec,6,5,0.753702346348183,0.08913862031451135,6,0.8116794499134278,-0.14494275891311212,0.8004005410116972,6,0.02898855178262242,0.43333333333333335
E,w_L2_stable_rank,6,5,0.753702346348183,0.08913862031451135,6,0.8116794499134278,-0.05797710356524484,0.9199219544794973,6,0.02898855178262242,0.9333333333333333
E,w_L2_eff_rank,6,5,0.5797710356524485,0.2514553721293088,6,0.550782483869826,0.14494275891311212,0.8004005410116972,6,0.23190841426097936,0.7
E,w_L2_sv_gini,6,5,-0.5797710356524485,0.2514553721293088,6,-0.550782483869826,-0.14494275891311212,0.8004005410116972,6,-0.23190841426097936,0.16666666666666666
E,w_L2_entry_gini,6,5,-0.5797710356524485,0.2514553721293088,6,-0.550782483869826,-0.14494275891311212,0.8004005410116972,6,-0.23190841426097936,0.2
E,w_L2_row_gini,6,5,-0.5797710356524485,0.2514553721293088,6,-0.550782483869826,-0.14494275891311212,0.8004005410116972,6,-0.23190841426097936,0.2
E,w_L2_row_pr,6,5,0.5797710356524485,0.2514553721293088,6,0.550782483869826,0.14494275891311212,0.8004005410116972,6,0.23190841426097936,0.8
E,w_L2_dist_init,6,5,-0.8116794499134278,0.04992993606727255,6,-0.898645105261295,-0.4638168285219587,0.3844247640177747,6,-0.550782483869826,0.26666666666666666
E,w_L2_rel_dist_init,6,5,-0.753702346348183,0.08913862031451135,6,-0.8116794499134278,-0.20291986247835694,0.7215302619489223,6,-0.3188740696088466,0.26666666666666666
E,w_L2_cos_init,6,5,0.4058397249567139,0.455754071680007,6,0.4638168285219587,0.14494275891311212,0.8004005410116972,6,0.23190841426097936,0.8333333333333334
