setup,axis,series,n,median_lead_frac_delay,q25,q75,frac_leading
A,E,test_loss,27,-0.3,-0.3398876404494382,-0.27624560208829874,0.07407407407407407
A,E,weight_norm_layer1,27,0.34782608695652173,0.3190680766688698,0.6291208791208791,0.9629629629629629
A,E,weight_norm_total,15,0.3541666666666667,0.3160200250312891,0.3942148760330578,0.8666666666666667
A,E,ipr,27,-0.2765957446808511,-0.3798377028714107,-0.2215684513115343,0.07407407407407407
A,K,test_loss,86,-0.29016129032258065,-0.3190010986726846,-0.28125,0.046511627906976744
A,K,weight_norm_layer1,86,0.34393939393939393,0.32620020429009194,0.39,1.0
A,K,weight_norm_total,15,0.3541666666666667,0.34846922997629115,0.3571256038647343,1.0
A,K,ipr,86,-0.2508682328907048,-0.29125,-0.20284673502428496,0.08139534883720931
A,algorithm,test_loss,105,-0.25,-0.33962264150943394,-0.14285714285714285,0.02857142857142857
A,algorithm,weight_norm_layer1,105,0.1875,-7.5,0.7272727272727273,0.5714285714285714
A,algorithm,weight_norm_total,105,-0.027777777777777776,-1.0,0.625,0.42857142857142855
A,algorithm,ipr,105,-0.3333333333333333,-0.5277777777777778,-0.25,0.08571428571428572
A,all,test_loss,333,-0.2975206611570248,-0.34408602150537637,-0.2608695652173913,0.02702702702702703
A,all,weight_norm_layer1,333,0.34615384615384615,0.10638436634351656,0.6428571428571429,0.7687687687687688
A,all,weight_norm_total,232,0.3490566037735849,-0.1456043956043956,0.6436548846342661,0.6724137931034483
A,all,ipr,333,-0.27983539094650206,-0.42857142857142855,-0.21649484536082475,0.07207207207207207
A,centralised,test_loss,41,-0.7222222222222222,-0.875,-0.2978723404255319,0.0
A,centralised,weight_norm_layer1,41,-0.375,-0.6842105263157895,0.3258426966292135,0.3170731707317073
A,centralised,weight_norm_total,23,0.33707865168539325,-0.24242424242424243,0.5526374113475178,0.5652173913043478
A,centralised,ipr,41,-0.7894736842105263,-1.0,-0.24719101123595505,0.12195121951219512
A,dirichlet,test_loss,44,-0.29969029739934666,-0.33695652173913043,-0.28324113065257484,0.0
A,dirichlet,weight_norm_layer1,44,0.6163787496422717,0.40655901535872085,0.8267644879097884,1.0
A,dirichlet,weight_norm_total,44,0.6377650908393916,0.39752029844195746,0.8018663897410491,1.0
A,dirichlet,ipr,44,-0.2379862700228833,-0.2767537392037076,-0.1958522577079278,0.022727272727272728
A,f,test_loss,15,-0.32258078736870777,-0.33775446367444606,-0.29427287404375535,0.0
A,f,weight_norm_layer1,15,0.8116756007568524,0.08088195162131011,0.83400066293312,0.8
A,f,weight_norm_total,15,0.6542825463531756,0.06066046219900813,0.7488755329893328,0.8
A,f,ipr,15,-0.35135222353552964,-0.42556771594253084,-0.33095070981597924,0.0
A,partition,test_loss,15,-0.30327868852459017,-0.3403638151425762,-0.29016129032258065,0.0
A,partition,weight_norm_layer1,15,0.3333333333333333,0.2885274985215849,0.3361743798055999,1.0
A,partition,weight_norm_total,15,0.3225806451612903,0.2789473684210526,0.34469751922239955,0.9333333333333333
A,partition,ipr,15,-0.29213483146067415,-0.40949820788530467,-0.2150442477876106,0.0
A',K,test_loss,15,-0.14469453376205788,-0.16669085631349784,-0.07471563788832664,0.2
A',K,weight_norm_layer1,15,0.9421221864951769,-0.020091019417475726,0.9525724275724277,0.7333333333333333
A',K,weight_norm_total,15,0.9421221864951769,0.8389427163012069,0.950949050949051,0.9333333333333333
A',K,ipr,15,-0.01929260450160772,-0.059655561829474874,0.0037171415914295167,0.26666666666666666
A',all,test_loss,71,-0.2727272727272727,-0.5277777777777778,-0.07941333054464905,0.1267605633802817
A',all,weight_norm_layer1,71,0.0,-0.47516961405850294,0.625487900078064,0.49295774647887325
A',all,weight_norm_total,71,0.14285714285714285,-0.4,0.8078570373652341,0.5774647887323944
A',all,ipr,71,-0.21311475409836064,-0.42857142857142855,-0.021757772533990975,0.14084507042253522
A',centralised,test_loss,39,-0.4,-0.8,-0.2928571428571428,0.02564102564102564
A',centralised,weight_norm_layer1,39,-0.1111111111111111,-0.45,0.23793103448275862,0.4358974358974359
A',centralised,weight_norm_total,39,0.0,-0.4,0.3905172413793103,0.48717948717948717
A',centralised,ipr,39,-0.4,-0.5529556650246306,-0.2768199233716475,0.07692307692307693
A',partition,test_loss,17,-0.05413105413105413,-0.20987654320987653,0.012738853503184714,0.29411764705882354
A',partition,weight_norm_layer1,17,-0.34134615384615385,-0.9506172839506173,0.9507692307692308,0.4117647058823529
A',partition,weight_norm_total,17,-0.255278310940499,-1.068075117370892,0.9415384615384615,0.47058823529411764
A',partition,ipr,17,-0.02564102564102564,-0.15151515151515152,-0.009596928982725527,0.17647058823529413
B,E,test_loss,13,0.15625,0.12395309882747069,0.25835866261398177,0.9230769230769231
B,E,weight_norm_total,13,0.49093904448105435,0.025806451612903226,0.662613981762918,0.7692307692307693
B,E,embed_ipr,13,0.03586206896551724,-0.03333333333333333,0.071875,0.6153846153846154
B,K,test_loss,28,0.15037593984962405,0.08844081547873026,0.2924107142857143,0.8571428571428571
B,K,weight_norm_total,28,-0.03489884902618326,-0.23333333333333334,0.02770691609977324,0.32142857142857145
B,K,embed_ipr,28,-0.14636752136752137,-0.625,0.0,0.21428571428571427
B,all,test_loss,131,0.2773109243697479,0.12447654941373534,0.47019286966686147,0.8931297709923665
B,all,weight_norm_total,131,0.05537459283387622,-0.26244945118428653,0.457002457002457,0.5801526717557252
B,all,embed_ipr,131,-0.18181818181818182,-0.7300242130750605,-0.010125013112259124,0.183206106870229
B,centralised,test_loss,68,0.39415161385845426,0.26737089201877934,0.5043859649122807,0.9558823529411765
B,centralised,weight_norm_total,68,0.2579166666666667,0.02610173784289277,0.4613138374968028,0.75
B,centralised,embed_ipr,68,-0.23736536868268432,-0.7825,-0.05163814601427466,0.14705882352941177
B,dirichlet,test_loss,8,0.36288998357963875,0.29166666666666663,0.42500000000000004,0.875
B,dirichlet,weight_norm_total,8,-0.04259259259259259,-0.7083333333333333,0.03776683087027914,0.375
B,dirichlet,embed_ipr,8,-0.20525451559934318,-0.41666666666666663,-0.11889282899921197,0.0
B,f,test_loss,6,0.13534812588432088,0.12347792667231222,0.17719358910747174,1.0
B,f,weight_norm_total,6,-0.14234297127288553,-1.7717303264521203,0.9619971675461165,0.5
B,f,embed_ipr,6,-0.03520032087474707,-0.12408176798188404,-0.014609827235181897,0.0
B,other,test_loss,6,0.10144927536231885,-0.75,0.3319746376811594,0.5
B,other,weight_norm_total,6,-0.3125,-3.84375,-0.0625,0.0
B,other,embed_ipr,6,-0.6875,-2.5,-0.23505434782608697,0.0
C,E,test_loss,5,0.15254237288135594,0.0,0.2962962962962963,0.6
C,E,weight_norm_total,5,-0.42857142857142855,-2.6,-0.14814814814814814,0.0
C,E,coset_accuracy,5,0.05084745762711865,0.0,0.14814814814814814,0.6
C,K,test_loss,20,0.13055386488131465,0.09959016393442624,0.22496790757381258,1.0
C,K,weight_norm_total,20,-0.030147723846849564,-0.10943517329910141,0.0,0.2
C,K,coset_accuracy,20,0.0456221198156682,0.03130157333039939,0.10943517329910141,1.0
C,all,test_loss,113,0.14634146341463414,0.0898876404494382,0.2578616352201258,0.9469026548672567
C,all,weight_norm_total,113,0.04318936877076412,-0.06766917293233082,0.18947368421052632,0.6017699115044248
C,all,coset_accuracy,113,0.047619047619047616,0.031578947368421054,0.09090909090909091,0.9469026548672567
C,centralised,test_loss,61,0.15789473684210525,0.09259259259259259,0.270516717325228,1.0
C,centralised,weight_norm_total,61,0.15384615384615385,0.05555555555555555,0.3114754098360656,0.9344262295081968
C,centralised,coset_accuracy,61,0.046875,0.03553299492385787,0.08333333333333333,1.0
C,dirichlet,test_loss,9,0.07971014492753623,0.07196969696969698,0.11940298507462686,1.0
C,dirichlet,weight_norm_total,9,0.014925373134328358,0.0,0.04716981132075472,0.5555555555555556
C,dirichlet,coset_accuracy,9,0.030303030303030304,0.025210084033613446,0.0446927374301676,1.0
C,f,test_loss,3,0.0,0.0,0.0,0.0
C,f,weight_norm_total,3,-3.0,-4.5,-2.25,0.0
C,f,coset_accuracy,3,0.0,0.0,0.0,0.0
C,other,test_loss,6,0.2111111111111111,0.13458646616541353,0.3055555555555555,0.8333333333333334
C,other,weight_norm_total,6,-2.3888888888888893,-4.061111111111111,-2.0833333333333335,0.0
C,other,coset_accuracy,6,0.2111111111111111,0.08947368421052632,0.3055555555555555,0.8333333333333334
C,partition,test_loss,9,0.24444444444444444,0.1694915254237288,0.25,1.0
C,partition,weight_norm_total,9,-0.07865168539325842,-2.125,-0.01694915254237288,0.2222222222222222
C,partition,coset_accuracy,9,0.24427480916030533,0.0847457627118644,0.25,1.0
D,E,test_loss,6,0.8538443834646366,0.8392262283171374,0.8671880288363907,1.0
D,E,weight_norm_layer1,6,0.862354826546003,0.8540823870870662,0.8731996695287835,1.0
D,E,weight_norm_total,6,0.8849660633484162,0.8693709921985322,0.8927435012245138,1.0
D,E,coset_accuracy,6,0.7896059577677225,0.771878327777392,0.8061252249859845,1.0
D,E,circ_share_interaction,6,0.9655722333246445,0.9101522554255199,0.9849538122021717,1.0
D,E,circ_acc_interaction,6,0.8652055052790347,0.8467305421850877,0.8722814283941425,1.0
D,E,irrep_structure_u,6,0.9328456353772809,0.9197502497502498,0.9482195136397482,1.0
D,K,test_loss,18,0.6822455575569437,0.6237387892376682,0.8090127707371866,1.0
D,K,weight_norm_layer1,18,0.9299973514611106,0.8162347759851074,0.9588745812543288,1.0
D,K,weight_norm_total,18,0.9451046172861305,0.8556860081975746,0.9700906045486027,1.0
D,K,coset_accuracy,18,0.6263828483512385,0.5168240349414109,0.77309001219377,1.0
D,K,circ_share_interaction,18,0.8980747674578671,0.8419130328916665,0.9216656414645236,1.0
D,K,circ_acc_interaction,18,0.7314456620899108,0.6364233369026904,0.8485334220152976,1.0
D,K,irrep_structure_u,18,0.8190531795844889,0.7658043387452795,0.8728283510825436,1.0
D,all,test_loss,302,0.5555555555555556,0.4173387096774194,0.8616932757813719,0.8543046357615894
D,all,weight_norm_layer1,302,0.7462574850299402,-2.992424242424242,0.9845136395526392,0.6059602649006622
D,all,weight_norm_total,302,0.669218359280471,-5.631944444444445,0.9460754487374505,0.5993377483443708
D,all,coset_accuracy,302,0.5,0.3737388304490442,0.76575261285132,0.8940397350993378
D,all,circ_share_interaction,171,0.9695817490494296,0.250828313253012,0.993963376501946,0.7602339181286549
D,all,circ_acc_interaction,171,0.7199124726477024,0.6025247398347149,0.8927510844177511,1.0
D,all,irrep_structure_u,171,0.7307692307692307,0.2666853303471445,0.8700440209678821,0.8304093567251462
D,centralised,test_loss,257,0.5266362252663622,0.4,0.875,0.8404669260700389
D,centralised,weight_norm_layer1,257,0.6550387596899225,-5.555555555555555,0.9888579387186629,0.5486381322957199
D,centralised,weight_norm_total,257,0.4444444444444444,-7.148148148148148,0.949238578680203,0.5408560311284046
D,centralised,coset_accuracy,257,0.5,0.33451118963486454,0.6428571428571429,0.8871595330739299
D,centralised,circ_share_interaction,132,0.9770084566596194,-1.659838897767028,0.9953898965926428,0.6893939393939394
D,centralised,circ_acc_interaction,132,0.6434699987163265,0.5513708502153964,0.8960470200820557,1.0
D,centralised,irrep_structure_u,132,0.6668486171761281,0.1375,0.8391887624345629,0.7878787878787878
D,dirichlet,test_loss,6,0.7628662124823353,0.7439846172301787,0.7918804381738136,1.0
D,dirichlet,weight_norm_layer1,6,0.8518603058662406,0.8413231505336769,0.8591077797227344,1.0
D,dirichlet,weight_norm_total,6,0.8794714057871953,0.8667331845785793,0.8838816283611237,1.0
D,dirichlet,coset_accuracy,6,0.702895952416106,0.6582793027762216,0.7353667625749645,1.0
D,dirichlet,circ_share_interaction,6,0.9736152005888847,0.938085966336926,0.9816565013933435,1.0
D,dirichlet,circ_acc_interaction,6,0.7873348660296837,0.7629563419037103,0.8152046234794771,1.0
D,dirichlet,irrep_structure_u,6,0.8554817947562428,0.8082332120809624,0.8806317322637798,1.0
D,f,test_loss,6,0.7849600456621004,0.747240911237016,0.8092488136807234,1.0
D,f,weight_norm_layer1,6,0.743257705479452,0.7164003482058545,0.7919464589488764,1.0
D,f,weight_norm_total,6,0.7504280821917808,0.7177024315391879,0.7860596293311846,1.0
D,f,coset_accuracy,6,0.8295876141552512,0.8061813916430595,0.836847524397887,1.0
D,f,circ_share_interaction,6,0.9442777110844338,0.8134430826154825,0.9916733816814396,1.0
D,f,circ_acc_interaction,6,0.8954052511415524,0.8908831024357432,0.8987949346405228,1.0
D,f,irrep_structure_u,6,0.825021404109589,0.67086406743941,0.8295524964589235,0.8333333333333334
D,other,test_loss,7,0.4166666666666667,-3.085964912280702,0.44505494505494503,0.5714285714285714
D,other,weight_norm_layer1,7,0.16666666666666666,-2.7210526315789476,0.2032967032967033,0.5714285714285714
D,other,weight_norm_total,7,0.25,-2.4894736842105263,0.2967032967032967,0.5714285714285714
D,other,coset_accuracy,7,0.4230769230769231,-0.5912280701754387,0.5,0.5714285714285714
E,E,test_loss,9,0.8235294117647058,0.8064516129032258,0.8611111111111112,1.0
E,E,weight_norm_total,9,0.2647058823529412,0.16666666666666666,0.425,1.0
E,K,test_loss,24,0.8900966183574879,0.873641304347826,0.9083951762523191,0.9166666666666666
E,K,weight_norm_total,24,0.5187643020594965,0.5,0.5416666666666666,1.0
E,all,test_loss,130,0.8657657657657658,0.7833333333333333,0.8960980036297641,0.9538461538461539
E,all,weight_norm_total,118,0.5,0.42589285714285713,0.554421768707483,0.9491525423728814
E,centralised,test_loss,54,0.8181818181818182,0.6,0.8888888888888888,0.9259259259259259
E,centralised,weight_norm_total,42,0.5,0.35,0.6272727272727272,0.8571428571428571
E,dirichlet,test_loss,12,0.8798701298701299,0.8662162162162163,0.8872586872586872,1.0
E,dirichlet,weight_norm_total,12,0.4864864864864865,0.45714285714285713,0.5576923076923077,1.0
E,f,test_loss,6,0.9017857142857143,0.8928571428571429,0.9188550420168067,1.0
E,f,weight_norm_total,6,0.5892857142857142,0.5399159663865546,0.6071428571428571,1.0
E,other,test_loss,19,0.8695652173913043,0.8356867779204107,0.902127659574468,1.0
E,other,weight_norm_total,19,0.5,0.4146341463414634,0.5444724720333406,1.0
E,partition,test_loss,6,0.8571428571428571,0.8476190476190476,0.8664596273291925,1.0
E,partition,weight_norm_total,6,0.48993055555555554,0.4453125,0.5190821256038647,1.0
