setup,metric,n_runs,median_lead_frac_delay,frac_runs_leading
A,add_acc_additive_te,105,-0.62,0.02857142857142857
A,add_acc_additive_tr,106,-0.3080216572327661,0.24528301886792453
A,add_acc_interaction_te,104,0.08230592060696382,0.5384615384615384
A,add_acc_interaction_tr,94,0.4633196128041489,1.0
A,add_acc_no_a_te,104,0.08230592060696382,0.5384615384615384
A,add_acc_no_a_tr,92,0.44951581581451117,1.0
A,add_acc_no_b_te,104,0.08230592060696382,0.5384615384615384
A,add_acc_no_b_tr,91,0.4424778761061947,1.0
A,add_share_a,106,-0.04665051064566384,0.46226415094339623
A,add_share_b,106,0.08230592060696382,0.5188679245283019
A,add_share_interaction,106,-0.02727272727272727,0.4811320754716981
A,circ_acc_interaction_te,103,0.08264462809917356,0.5436893203883495
A,circ_acc_interaction_tr,94,0.48094437438699733,1.0
A,circ_acc_marginal_te,106,-0.5517832893764725,0.03773584905660377
A,circ_acc_marginal_tr,106,-0.31351986947050475,0.2830188679245283
A,circ_share_interaction_te,106,-0.25555555555555554,0.08490566037735849
A,circ_share_interaction_tr,106,-0.4845002634314437,0.3018867924528302
A,circ_share_marginal_te,106,0.39805825242718446,0.8584905660377359
A,circ_share_marginal_tr,106,0.3225806451612903,0.8490566037735849
A,circ_units_te,106,0.11358793904958678,0.5283018867924528
A,circ_units_tr,106,0.11358793904958678,0.5283018867924528
A,clock_excluded_acc_te,106,-1.7635101155095327,0.018867924528301886
A,clock_excluded_acc_tr,104,-0.27281613791877724,0.36538461538461536
A,clock_excluded_loss_te,106,-0.6717862402693036,0.009433962264150943
A,clock_excluded_loss_tr,106,-0.32957341515140903,0.07547169811320754
A,clock_freq_gini,106,-0.7576822491010133,0.03773584905660377
A,clock_key_jaccard_final,106,-1.2342414529914532,0.018867924528301886
A,clock_nfreq90,105,-1.0141342756183747,0.047619047619047616
A,clock_restricted_loss_te,106,0.036008216301105844,0.5094339622641509
A,clock_restricted_loss_tr,106,0.036008216301105844,0.5094339622641509
A,clock_share,106,-0.3168724279835391,0.04716981132075472
A,clock_top1_share,106,-0.4857223689173896,0.02830188679245283
A,fU_dc_share,106,-1.8248006342665928,0.0660377358490566
A,fU_freq_eff_n,106,0.3593597395550733,0.7924528301886793
A,fU_freq_gini,106,0.37218045112781956,0.8679245283018868
A,fU_ipr,106,-0.4403109681372549,0.0660377358490566
A,fU_nfreq90,74,0.29083356272365557,0.8648648648648649
A,fU_top1_share,106,0.3438397581254724,0.7264150943396226
A,fV_dc_share,106,-1.886593675579837,0.0660377358490566
A,fV_freq_eff_n,106,0.35789473684210527,0.7830188679245284
A,fV_freq_gini,106,0.3842268842268842,0.8867924528301887
A,fV_ipr,106,-0.4364047181372549,0.0660377358490566
A,fV_nfreq90,62,0.3040519151630263,0.8870967741935484
A,fV_top1_share,106,0.3188990182328191,0.5660377358490566
A,fin_n_unique_freq_strong,99,0.37373737373737376,0.8888888888888888
A,fin_uv_agree_strong,106,0.37140034364261165,0.9150943396226415
A,fin_uvw_agree_strong,106,0.32376334079739433,0.8962264150943396
A,fn_acc_te,104,0.08230592060696382,0.5384615384615384
A,fn_acc_tr,91,0.4424778761061947,1.0
A,fn_class_acc_gini,104,0.3716572358731881,0.9230769230769231
A,fn_entropy_te,106,-0.5834374699605882,0.05660377358490566
A,fn_entropy_tr,106,-0.309727791995445,0.03773584905660377
A,fn_gap_acc,104,0.08230592060696382,0.5384615384615384
A,fn_gap_loss,106,-0.5106399514961568,0.018867924528301886
A,fn_loss_te,106,-0.3716834674786951,0.03773584905660377
A,fn_loss_tr,106,-0.11239431107534428,0.3490566037735849
A,fn_margin_te,106,-0.37187791912505236,0.04716981132075472
A,fn_margin_tr,106,-0.15895224069009045,0.25471698113207547
A,fout_dc_share,106,0.43108409666880154,0.8962264150943396
A,fout_freq_eff_n,106,-0.5813004131418453,0.09433962264150944
A,fout_freq_gini,106,-0.32924579578170643,0.16981132075471697
A,fout_ipr,106,-0.19245557074504444,0.0660377358490566
A,fout_nfreq90,101,-0.19318181818181818,0.40594059405940597
A,fout_top1_share,106,-0.6947368421052632,0.04716981132075472
A,rep_between_within_te,106,-0.13193049790987937,0.27358490566037735
A,rep_between_within_tr,106,-0.1206060606060606,0.3018867924528302
A,rep_eff_rank_te,106,-0.522633744855967,0.2641509433962264
A,rep_nc1_tr,106,0.33676975945017185,0.7075471698113207
A,rep_pr_te,106,-0.1111111111111111,0.3867924528301887
A,rep_unit_gini_te,106,-0.0917662434652726,0.37735849056603776
A,rep_unit_pr_te,106,-0.05369251179245283,0.44339622641509435
A,sharp_grad_norm,106,-1.2002053801546393,0.24528301886792453
A,sharp_lambda_max,106,-0.6550127614541832,0.3018867924528302
A,sharp_lr_lambda,106,-0.6550127614541832,0.3018867924528302
A,unit_fourier_diff_share,106,-0.08070574843483211,0.3584905660377358
A,unit_fourier_marginal_share,106,0.29213483146067415,0.5566037735849056
A,unit_fourier_other_share,106,-0.25555555555555554,0.19811320754716982
A,unit_fourier_sum_share,106,-0.08070574843483211,0.3584905660377358
A,unit_frac_interacting,106,-0.3849056603773585,0.22641509433962265
A,unit_interaction_share,106,0.29213483146067415,0.5566037735849056
A,unit_n_distinct_sum_freqs,23,-0.08737864077669903,0.43478260869565216
A,unit_sum_freq_concentration,106,-0.067303686579162,0.3584905660377358
A,w_W1_cos_init,106,-0.013636363636363636,0.49056603773584906
A,w_W1_dist_init,106,0.10307530209739554,0.5283018867924528
A,w_W1_eff_rank,106,-1.5638124915323126,0.19811320754716982
A,w_W1_entry_gini,106,-0.7742708174631387,0.24528301886792453
A,w_W1_fro,106,0.04946996466431096,0.5188679245283019
A,w_W1_rel_dist_init,106,0.10307530209739554,0.5283018867924528
A,w_W1_row_gini,106,-0.12720848056537104,0.32075471698113206
A,w_W1_row_pr,106,-0.24244774833010127,0.3018867924528302
A,w_W1_spec,106,-1.6272336234536753,0.19811320754716982
A,w_W1_stable_rank,106,-1.4513296585615694,0.1509433962264151
A,w_W1_sv_gini,106,-1.5505331847843387,0.19811320754716982
A,w_W2_cos_init,106,0.16536116331281003,0.5377358490566038
A,w_W2_dist_init,106,-0.31214646134159285,0.07547169811320754
A,w_W2_eff_rank,106,-0.10612888211898114,0.44339622641509435
A,w_W2_entry_gini,106,-0.2400197458791209,0.08490566037735849
A,w_W2_fro,106,-0.31214646134159285,0.07547169811320754
A,w_W2_rel_dist_init,106,-0.31214646134159285,0.07547169811320754
A,w_W2_row_gini,106,-0.3528767873024561,0.04716981132075472
A,w_W2_row_pr,106,-0.22826086956521738,0.08490566037735849
A,w_W2_spec,106,-0.7589516243438785,0.08490566037735849
A,w_W2_stable_rank,106,-0.16584317937701396,0.3867924528301887
A,w_W2_sv_gini,106,-0.0917662434652726,0.4528301886792453
A,w_all_cos_init,106,-0.02727272727272727,0.4811320754716981
A,w_all_dist_init,106,0.055460448486206,0.5188679245283019
A,w_all_norm,106,-0.04892003676470588,0.4339622641509434
A,w_all_rel_dist_init,106,0.055460448486206,0.5188679245283019
A,w_all_rel_norm,106,-0.04892003676470588,0.4339622641509434
A',add_acc_additive_te,32,-0.25561541553302003,0.0625
A',add_acc_additive_tr,32,-0.17919107706173953,0.21875
A',add_acc_interaction_te,32,0.13956247428336305,0.78125
A',add_acc_interaction_tr,24,0.4842210721868365,0.9583333333333334
A',add_acc_no_a_te,32,0.07810877021068104,0.71875
A',add_acc_no_a_tr,23,0.5191956124314442,0.9565217391304348
A',add_acc_no_b_te,32,0.08682692307692308,0.71875
A',add_acc_no_b_tr,23,0.49469214437367304,0.9565217391304348
A',add_share_a,32,-0.17919107706173953,0.1875
A',add_share_b,32,-0.21063943267587643,0.21875
A',add_share_interaction,32,-0.1945118886877335,0.1875
A',circ_acc_interaction_te,32,0.11962514565038224,0.75
A',circ_acc_interaction_tr,26,0.39753086419753086,0.9615384615384616
A',circ_acc_marginal_te,32,-0.31169390865612023,0.0625
A',circ_acc_marginal_tr,32,-0.17095238095238097,0.1875
A',circ_share_interaction_te,32,-0.29885551653142783,0.15625
A',circ_share_interaction_tr,32,-0.5105351661249549,0.15625
A',circ_share_marginal_te,32,-0.1422243075546175,0.25
A',circ_share_marginal_tr,32,-0.017050697622914515,0.46875
A',circ_units_te,32,0.18337899982374337,0.875
A',circ_units_tr,32,0.18337899982374337,0.875
A',clock_excluded_acc_te,32,-0.4482098851395944,0.0625
A',clock_excluded_acc_tr,32,-0.3253958977578595,0.25
A',clock_excluded_loss_te,32,-0.2236111111111111,0.09375
A',clock_excluded_loss_tr,32,-0.12496175420703723,0.3125
A',clock_freq_gini,32,-0.3330911680911681,0.15625
A',clock_key_jaccard_final,32,-0.7339506172839506,0.125
A',clock_nfreq90,31,-0.4279835390946502,0.16129032258064516
A',clock_restricted_loss_te,32,-0.022564812686124286,0.40625
A',clock_restricted_loss_tr,32,-0.017050697622914515,0.4375
A',clock_share,32,-0.21063943267587643,0.1875
A',clock_top1_share,32,-0.06151525658807212,0.25
A',fU_dc_share,32,-0.6070864161075293,0.125
A',fU_freq_eff_n,32,-0.16207792207792207,0.4375
A',fU_freq_gini,32,0.09118782982988885,0.53125
A',fU_ipr,32,-0.15996644295302015,0.15625
A',fU_nfreq90,28,-0.0180351048269137,0.5
A',fU_top1_share,32,0.05663258774256086,0.53125
A',fV_dc_share,32,-0.668662641265381,0.1875
A',fV_freq_eff_n,32,-0.31562995709979336,0.34375
A',fV_freq_gini,32,-0.06705543684710351,0.46875
A',fV_ipr,32,-0.14879889734838542,0.21875
A',fV_nfreq90,25,-0.12727272727272726,0.36
A',fV_top1_share,32,0.05663258774256086,0.53125
A',fin_n_unique_freq_strong,28,0.3036758344662363,0.6428571428571429
A',fin_uv_agree_strong,32,0.18736238732825763,0.78125
A',fin_uvw_agree_strong,32,0.1777076405972624,0.78125
A',fn_acc_te,32,0.06703015963906594,0.6875
A',fn_acc_tr,20,0.5650354780654998,0.95
A',fn_class_acc_gini,32,0.18900918012029122,0.875
A',fn_entropy_te,32,-0.3253958977578595,0.15625
A',fn_entropy_tr,32,-0.1945118886877335,0.15625
A',fn_gap_acc,32,0.06703015963906594,0.6875
A',fn_gap_loss,32,-0.17919107706173953,0.09375
A',fn_loss_te,32,-0.1593117178612059,0.15625
A',fn_loss_tr,32,-0.12496175420703723,0.25
A',fn_margin_te,32,-0.1945118886877335,0.1875
A',fn_margin_tr,32,-0.13573310251392443,0.21875
A',fout_dc_share,32,-0.05135531135531135,0.375
A',fout_freq_eff_n,32,0.06731910485767928,0.625
A',fout_freq_gini,32,0.07751205787781351,0.59375
A',fout_ipr,32,-0.12873019975630468,0.25
A',fout_nfreq90,30,0.07751205787781351,0.5666666666666667
A',fout_top1_share,32,0.08366316884918915,0.71875
A',rep_between_within_te,32,-0.08780611597513006,0.3125
A',rep_between_within_tr,32,0.24650203556888794,0.71875
A',rep_eff_rank_te,32,-0.4482098851395944,0.3125
A',rep_nc1_tr,32,0.2997231894150418,0.65625
A',rep_pr_te,32,-0.13573310251392443,0.375
A',rep_unit_gini_te,32,-0.15354172641238886,0.40625
A',rep_unit_pr_te,32,-0.1222783389450056,0.40625
A',sharp_grad_norm,32,-0.513104161281985,0.3125
A',sharp_lambda_max,32,-0.5406115391615605,0.21875
A',sharp_lr_lambda,32,-0.5406115391615605,0.21875
A',unit_fourier_diff_share,32,-0.000958055197080962,0.5
A',unit_fourier_marginal_share,32,-0.5086073059360731,0.3125
A',unit_fourier_other_share,32,-0.1593117178612059,0.25
A',unit_fourier_sum_share,32,-0.000958055197080962,0.5
A',unit_frac_interacting,31,-0.17981072555205047,0.0967741935483871
A',unit_interaction_share,32,-0.5086073059360731,0.3125
A',unit_n_distinct_sum_freqs,9,0.37662337662337664,0.5555555555555556
A',unit_sum_freq_concentration,32,-0.022564812686124286,0.46875
A',w_W1_cos_init,32,0.17537558685446009,0.71875
A',w_W1_dist_init,32,-0.4493738926620404,0.3125
A',w_W1_eff_rank,32,-0.027750228519195612,0.46875
A',w_W1_entry_gini,32,-0.5220110618046176,0.28125
A',w_W1_fro,32,-0.5105351661249549,0.0625
A',w_W1_rel_dist_init,32,-0.4493738926620404,0.3125
A',w_W1_row_gini,32,-0.2411057692307692,0.34375
A',w_W1_row_pr,32,-0.30679281166450756,0.3125
A',w_W1_spec,32,-0.19429153691152223,0.34375
A',w_W1_stable_rank,32,-0.2395096463022508,0.375
A',w_W1_sv_gini,32,0.06703015963906594,0.59375
A',w_W2_cos_init,32,0.161782449725777,0.78125
A',w_W2_dist_init,32,-0.3980164007481043,0.21875
A',w_W2_eff_rank,32,-0.17919107706173953,0.3125
A',w_W2_entry_gini,32,-0.33191398946115924,0.21875
A',w_W2_fro,32,-0.3980164007481043,0.21875
A',w_W2_rel_dist_init,32,-0.3980164007481043,0.21875
A',w_W2_row_gini,32,-0.12539006717088907,0.34375
A',w_W2_row_pr,32,0.06345678100653546,0.5625
A',w_W2_spec,32,-0.5090720495258166,0.21875
A',w_W2_stable_rank,32,-0.17095238095238097,0.40625
A',w_W2_sv_gini,32,-0.1494536224401996,0.3125
A',w_all_cos_init,32,0.2421573062241586,0.71875
A',w_all_dist_init,32,-0.36866698383013163,0.4375
A',w_all_norm,32,-0.36553175310030883,0.25
A',w_all_rel_dist_init,32,-0.36866698383013163,0.4375
A',w_all_rel_norm,32,-0.36553175310030883,0.25
B,add_acc_additive_te,55,-0.8812056182978992,0.2
B,add_acc_additive_tr,54,-0.6945658571711457,0.24074074074074073
B,add_acc_interaction_te,53,-0.5079260960443922,0.2830188679245283
B,add_acc_interaction_tr,52,-0.31866893037513727,0.4423076923076923
B,add_acc_no_a_te,38,-0.07310104654867924,0.3157894736842105
B,add_acc_no_a_tr,33,0.2571884984025559,0.7272727272727273
B,add_acc_no_b_te,37,-0.0711105180057834,0.32432432432432434
B,add_acc_no_b_tr,32,0.25259545401141004,0.75
B,add_share_a,56,-0.966926010985159,0.44642857142857145
B,add_share_b,56,-1.1535657721119126,0.42857142857142855
B,add_share_interaction,56,-0.966926010985159,0.44642857142857145
B,attn_entropy_mean,56,-1.5619825708061001,0.3392857142857143
B,attn_to_a_head_spread,56,-1.1535657721119126,0.07142857142857142
B,attn_to_a_mean,56,-1.1535657721119126,0.23214285714285715
B,clock_excluded_acc_te,55,-0.8812056182978992,0.2727272727272727
B,clock_excluded_acc_tr,56,-1.1535657721119126,0.4107142857142857
B,clock_excluded_loss_te,56,-2.0507739938080496,0.07142857142857142
B,clock_excluded_loss_tr,56,-1.6486228244676155,0.25
B,clock_freq_gini,56,-1.1535657721119126,0.42857142857142855
B,clock_key_jaccard_final,35,-0.06896551724137931,0.37142857142857144
B,clock_nfreq90,34,0.45513282537067545,0.6764705882352942
B,clock_restricted_acc_te,3,0.3541666666666667,0.6666666666666666
B,clock_restricted_acc_tr,3,0.3541666666666667,0.6666666666666666
B,clock_restricted_loss_te,49,0.1702127659574468,0.5102040816326531
B,clock_restricted_loss_tr,49,0.1702127659574468,0.5102040816326531
B,clock_share,56,-1.9150906225374311,0.375
B,clock_top1_share,56,-1.914717348927875,0.23214285714285715
B,fin_dc_share,56,-1.836597141425722,0.17857142857142858
B,fin_freq_eff_n,56,-1.1535657721119126,0.21428571428571427
B,fin_freq_gini,56,-1.1535657721119126,0.23214285714285715
B,fin_ipr,56,-1.1535657721119126,0.08928571428571429
B,fin_nfreq90,43,-0.20089285714285715,0.09302325581395349
B,fin_top1_share,56,-1.3637544017845808,0.25
B,fn_acc_te,39,-0.12562814070351758,0.2564102564102564
B,fn_acc_tr,7,-0.5079260960443922,0.14285714285714285
B,fn_class_acc_gini,39,0.10297482837528604,0.6153846153846154
B,fn_entropy_te,56,-1.1535657721119126,0.23214285714285715
B,fn_entropy_tr,56,-1.6486228244676155,0.4107142857142857
B,fn_gap_acc,39,-0.12562814070351758,0.2564102564102564
B,fn_gap_loss,56,-1.1535657721119126,0.35714285714285715
B,fn_loss_te,56,-1.1535657721119126,0.35714285714285715
B,fn_loss_tr,56,-1.1535657721119126,0.39285714285714285
B,fn_margin_te,56,-1.1535657721119126,0.19642857142857142
B,fn_margin_tr,56,-1.1535657721119126,0.25
B,fout_dc_share,56,-1.9150906225374311,0.26785714285714285
B,fout_freq_eff_n,56,-1.1535657721119126,0.26785714285714285
B,fout_freq_gini,56,-1.1535657721119126,0.2857142857142857
B,fout_ipr,56,-1.1698257080610022,0.26785714285714285
B,fout_nfreq90,53,-0.5989028093989984,0.1320754716981132
B,fout_top1_share,56,-1.3637544017845808,0.35714285714285715
B,rep_between_within_te,56,-1.7692359702501692,0.0
B,rep_between_within_tr,56,-1.7692359702501692,0.0
B,rep_dead_frac_te,10,-0.8864966198943363,0.0
B,rep_eff_rank_te,56,-1.1535657721119126,0.25
B,rep_nc1_tr,56,-1.1535657721119126,0.125
B,rep_pr_te,56,-1.1535657721119126,0.4107142857142857
B,rep_unit_gini_te,56,-1.1535657721119126,0.25
B,rep_unit_pr_te,56,-0.6945658571711457,0.4107142857142857
B,sharp_grad_norm,56,-3.0695978534983035,0.17857142857142858
B,sharp_lambda_max,56,-3.0695978534983035,0.17857142857142858
B,sharp_lr_lambda,56,-3.0695978534983035,0.17857142857142858
B,unit_fourier_diff_share,56,-1.1535657721119126,0.32142857142857145
B,unit_fourier_marginal_share,56,-1.3637544017845808,0.14285714285714285
B,unit_fourier_other_share,56,-1.1535657721119126,0.2857142857142857
B,unit_fourier_sum_share,56,-1.1535657721119126,0.05357142857142857
B,unit_frac_interacting,50,-2.4186455167173255,0.0
B,unit_interaction_share,56,-1.3637544017845808,0.14285714285714285
B,unit_n_distinct_sum_freqs,33,0.1702127659574468,0.6666666666666666
B,unit_sum_freq_concentration,56,-1.1535657721119126,0.05357142857142857
B,w_WE_cos_init,56,-1.1535657721119126,0.19642857142857142
B,w_WE_dist_init,56,-1.2357593155465496,0.08928571428571429
B,w_WE_eff_rank,56,-1.1535657721119126,0.3392857142857143
B,w_WE_entry_gini,56,-2.0441913607548283,0.17857142857142858
B,w_WE_fro,56,-1.2357593155465496,0.08928571428571429
B,w_WE_rel_dist_init,56,-1.2357593155465496,0.08928571428571429
B,w_WE_row_gini,56,-2.529054987912499,0.16071428571428573
B,w_WE_row_pr,56,-2.8330063556936538,0.16071428571428573
B,w_WE_spec,56,-2.325388564427671,0.21428571428571427
B,w_WE_stable_rank,56,-1.1535657721119126,0.25
B,w_WE_sv_gini,56,-1.1535657721119126,0.39285714285714285
B,w_WK_cos_init,56,-0.6945658571711457,0.39285714285714285
B,w_WK_dist_init,56,-1.6486228244676155,0.32142857142857145
B,w_WK_eff_rank,56,-1.2357593155465496,0.07142857142857142
B,w_WK_entry_gini,56,-1.3218339307048983,0.16071428571428573
B,w_WK_fro,56,-1.1535657721119126,0.35714285714285715
B,w_WK_rel_dist_init,56,-1.6486228244676155,0.32142857142857145
B,w_WK_row_gini,56,-1.2357593155465496,0.19642857142857142
B,w_WK_row_pr,56,-1.1698257080610022,0.2857142857142857
B,w_WK_spec,56,-2.1574165710565745,0.42857142857142855
B,w_WK_stable_rank,56,-2.0110915809477294,0.08928571428571429
B,w_WK_sv_gini,56,-1.3637544017845808,0.08928571428571429
B,w_WO_cos_init,56,-0.7400542138484488,0.14285714285714285
B,w_WO_dist_init,56,-1.3453159041394334,0.26785714285714285
B,w_WO_eff_rank,56,-1.1535657721119126,0.17857142857142858
B,w_WO_entry_gini,56,-2.4038820455393806,0.17857142857142858
B,w_WO_fro,56,-2.4038820455393806,0.23214285714285715
B,w_WO_rel_dist_init,56,-1.3453159041394334,0.26785714285714285
B,w_WO_row_gini,56,-3.0116514690982776,0.05357142857142857
B,w_WO_row_pr,56,-3.067295781960869,0.05357142857142857
B,w_WO_spec,56,-1.1535657721119126,0.14285714285714285
B,w_WO_stable_rank,56,-1.1535657721119126,0.25
B,w_WO_sv_gini,56,-1.1535657721119126,0.19642857142857142
B,w_WQ_cos_init,56,-0.6945658571711457,0.39285714285714285
B,w_WQ_dist_init,56,-2.6390092879256963,0.375
B,w_WQ_eff_rank,56,-1.760595122066761,0.07142857142857142
B,w_WQ_entry_gini,56,-2.244199391848568,0.10714285714285714
B,w_WQ_fro,56,-1.914717348927875,0.375
B,w_WQ_rel_dist_init,56,-2.6390092879256963,0.375
B,w_WQ_row_gini,56,-1.9097011246210394,0.32142857142857145
B,w_WQ_row_pr,56,-1.9790837720070238,0.26785714285714285
B,w_WQ_spec,56,-1.914717348927875,0.4107142857142857
B,w_WQ_stable_rank,56,-1.760595122066761,0.14285714285714285
B,w_WQ_sv_gini,56,-1.760595122066761,0.07142857142857142
B,w_WU_cos_init,56,-1.1535657721119126,0.32142857142857145
B,w_WU_dist_init,56,-1.4371008939974457,0.25
B,w_WU_eff_rank,56,-1.1535657721119126,0.25
B,w_WU_entry_gini,56,-2.681719496309162,0.21428571428571427
B,w_WU_fro,56,-1.7692359702501692,0.26785714285714285
B,w_WU_rel_dist_init,56,-1.4371008939974457,0.25
B,w_WU_row_gini,56,-2.4038820455393806,0.2857142857142857
B,w_WU_row_pr,56,-2.4038820455393806,0.32142857142857145
B,w_WU_spec,56,-1.4371008939974457,0.23214285714285715
B,w_WU_stable_rank,56,-1.9150906225374311,0.35714285714285715
B,w_WU_sv_gini,56,-1.9150906225374311,0.25
B,w_WV_cos_init,56,-1.1535657721119126,0.16071428571428573
B,w_WV_dist_init,56,-1.3453159041394334,0.2857142857142857
B,w_WV_eff_rank,56,-1.1535657721119126,0.23214285714285715
B,w_WV_entry_gini,56,-2.4038820455393806,0.17857142857142858
B,w_WV_fro,56,-2.325388564427671,0.25
B,w_WV_rel_dist_init,56,-1.3453159041394334,0.2857142857142857
B,w_WV_row_gini,56,-2.4038820455393806,0.10714285714285714
B,w_WV_row_pr,56,-2.4038820455393806,0.08928571428571429
B,w_WV_spec,56,-1.3453159041394334,0.14285714285714285
B,w_WV_stable_rank,56,-1.1535657721119126,0.16071428571428573
B,w_WV_sv_gini,56,-1.1535657721119126,0.30357142857142855
B,w_Win_cos_init,56,-1.1535657721119126,0.30357142857142855
B,w_Win_dist_init,56,-1.5553999377528789,0.30357142857142855
B,w_Win_eff_rank,56,-1.1535657721119126,0.10714285714285714
B,w_Win_entry_gini,56,-1.5553999377528789,0.14285714285714285
B,w_Win_fro,56,-2.4038820455393806,0.17857142857142858
B,w_Win_rel_dist_init,56,-1.5553999377528789,0.30357142857142855
B,w_Win_row_gini,56,-1.7486293859649122,0.23214285714285715
B,w_Win_row_pr,56,-1.1535657721119126,0.32142857142857145
B,w_Win_spec,56,-1.5553999377528789,0.23214285714285715
B,w_Win_stable_rank,56,-0.6945658571711457,0.39285714285714285
B,w_Win_sv_gini,56,-1.1535657721119126,0.125
B,w_Wout_cos_init,56,-1.1535657721119126,0.375
B,w_Wout_dist_init,56,-2.325388564427671,0.08928571428571429
B,w_Wout_eff_rank,56,-1.1535657721119126,0.10714285714285714
B,w_Wout_entry_gini,56,-2.4038820455393806,0.16071428571428573
B,w_Wout_fro,56,-2.325388564427671,0.10714285714285714
B,w_Wout_rel_dist_init,56,-2.325388564427671,0.08928571428571429
B,w_Wout_row_gini,56,-1.6486228244676155,0.17857142857142858
B,w_Wout_row_pr,56,-1.7449970564874695,0.16071428571428573
B,w_Wout_spec,56,-1.3453159041394334,0.14285714285714285
B,w_Wout_stable_rank,56,-1.1535657721119126,0.4107142857142857
B,w_Wout_sv_gini,56,-1.1535657721119126,0.10714285714285714
B,w_all_cos_init,56,-1.0124143676624622,0.3392857142857143
B,w_all_dist_init,56,-2.043265577507599,0.17857142857142858
B,w_all_norm,56,-1.6888166858819829,0.23214285714285715
B,w_all_rel_dist_init,56,-2.043265577507599,0.17857142857142858
B,w_all_rel_norm,56,-1.6888166858819829,0.23214285714285715
C,add_acc_additive_te,44,-9.910781671159029,0.0
C,add_acc_additive_tr,46,-7.950193754273991,0.0
C,add_acc_interaction_te,7,-4.634146341463414,0.0
C,add_acc_interaction_tr,6,-3.0956991249301806,0.0
C,add_acc_no_a_te,6,-3.0956991249301806,0.0
C,add_acc_no_a_tr,5,-1.5572519083969465,0.0
C,add_acc_no_b_te,6,-3.0956991249301806,0.0
C,add_acc_no_b_tr,5,-1.5572519083969465,0.0
C,add_share_a,46,-8.465079365079365,0.0
C,add_share_b,46,-7.317377398720682,0.0
C,add_share_interaction,46,-7.33944099378882,0.0
C,attn_entropy_mean,46,-8.82274011299435,0.0
C,attn_to_a_head_spread,46,-8.82274011299435,0.0
C,attn_to_a_mean,46,-9.330026024723487,0.0
C,coset_a_n_acc_te,6,-3.0956991249301806,0.0
C,coset_a_n_purity_te,6,-3.0956991249301806,0.0
C,coset_s_nm1_acc_te,6,-3.0956991249301806,0.0
C,coset_s_nm1_purity_te,6,-3.0956991249301806,0.0
C,fn_acc_te,6,-3.0956991249301806,0.0
C,fn_acc_tr,3,-4.634146341463414,0.0
C,fn_class_acc_gini,6,-3.0956991249301806,0.0
C,fn_entropy_te,46,-7.505400696864111,0.0
C,fn_entropy_tr,46,-10.339539263981454,0.0
C,fn_gap_acc,6,-3.0956991249301806,0.0
C,fn_gap_loss,45,-7.853658536585366,0.0
C,fn_loss_te,45,-8.483870967741936,0.0
C,fn_loss_tr,44,-7.505400696864111,0.0
C,fn_margin_te,46,-7.33944099378882,0.0
C,fn_margin_tr,46,-7.33944099378882,0.0
C,irr_E_11111,46,-8.395474137931036,0.0
C,irr_E_2111,46,-7.687698833510074,0.0
C,irr_E_221,46,-9.77312030075188,0.0
C,irr_E_311,46,-8.00863447393668,0.0
C,irr_E_32,46,-9.501190476190477,0.0
C,irr_E_41,46,-9.32625786163522,0.0
C,irr_E_5,46,-11.74808429118774,0.0
C,irr_E_dominant_over_random,46,-7.684598378776713,0.0
C,irr_E_dominant_share,46,-7.684598378776713,0.0
C,irr_E_structure,46,-6.276388888888889,0.0
C,irr_out_dominant_over_random,46,-7.687698833510074,0.0
C,irr_out_dominant_share,46,-7.687698833510074,0.0
C,irr_out_structure,46,-5.6970238095238095,0.0
C,rep_between_within_te,46,-7.183091787439613,0.0
C,rep_between_within_tr,46,-7.183091787439613,0.0
C,rep_dead_frac_te,1,-26.25925925925926,0.0
C,rep_eff_rank_te,46,-7.5408662900188315,0.0
C,rep_nc1_tr,46,-7.074882075471698,0.0
C,rep_pr_te,46,-7.758890336994973,0.0
C,rep_unit_gini_te,46,-7.8505580818520055,0.0
C,rep_unit_pr_te,46,-8.335685483870968,0.0
C,sharp_grad_norm,46,-12.630345158197507,0.0
C,sharp_lambda_max,46,-14.314492753623188,0.0
C,sharp_lr_lambda,46,-14.314492753623188,0.0
C,unit_frac_interacting,3,-18.016949152542374,0.0
C,unit_interaction_share,46,-9.103213977566869,0.0
C,w_WE_cos_init,46,-15.217741935483872,0.0
C,w_WE_dist_init,46,-12.248977206312098,0.0
C,w_WE_eff_rank,46,-10.238446814328684,0.0
C,w_WE_entry_gini,46,-7.854619565217391,0.0
C,w_WE_fro,46,-6.939028944911298,0.0
C,w_WE_rel_dist_init,46,-12.248977206312098,0.0
C,w_WE_row_gini,46,-11.577060931899641,0.0
C,w_WE_row_pr,46,-9.386217948717949,0.0
C,w_WE_spec,46,-7.879513633014001,0.0
C,w_WE_stable_rank,46,-8.045473336089293,0.0
C,w_WE_sv_gini,46,-10.854589371980676,0.0
C,w_WK_cos_init,46,-5.835298742138365,0.0
C,w_WK_dist_init,46,-10.661501210653753,0.0
C,w_WK_eff_rank,46,-7.3490514905149045,0.0
C,w_WK_entry_gini,46,-8.543659621802004,0.0
C,w_WK_fro,46,-9.32625786163522,0.0
C,w_WK_rel_dist_init,46,-10.661501210653753,0.0
C,w_WK_row_gini,46,-6.4033542976939195,0.0
C,w_WK_row_pr,46,-5.835298742138365,0.0
C,w_WK_spec,46,-8.907051282051281,0.0
C,w_WK_stable_rank,46,-11.725862068965517,0.0
C,w_WK_sv_gini,46,-7.3490514905149045,0.0
C,w_WO_cos_init,46,-12.071914700544465,0.0
C,w_WO_dist_init,46,-13.424478330658106,0.0
C,w_WO_eff_rank,46,-12.425175692434891,0.0
C,w_WO_entry_gini,46,-14.191622532498798,0.0
C,w_WO_fro,46,-5.835298742138365,0.0
C,w_WO_rel_dist_init,46,-13.424478330658106,0.0
C,w_WO_row_gini,46,-6.588888888888889,0.0
C,w_WO_row_pr,46,-5.835298742138365,0.0
C,w_WO_spec,46,-8.543659621802004,0.0
C,w_WO_stable_rank,46,-9.40726392251816,0.0
C,w_WO_sv_gini,46,-14.480562448304383,0.0
C,w_WQ_cos_init,46,-8.045473336089293,0.0
C,w_WQ_dist_init,46,-9.501190476190477,0.0
C,w_WQ_eff_rank,46,-8.760057471264368,0.0
C,w_WQ_entry_gini,46,-8.073330832708177,0.0
C,w_WQ_fro,46,-8.907051282051281,0.0
C,w_WQ_rel_dist_init,46,-9.501190476190477,0.0
C,w_WQ_row_gini,46,-6.4033542976939195,0.0
C,w_WQ_row_pr,46,-7.3490514905149045,0.0
C,w_WQ_spec,46,-8.907051282051281,0.0
C,w_WQ_stable_rank,46,-8.543238993710691,0.0
C,w_WQ_sv_gini,46,-8.666130917592053,0.0
C,w_WU_cos_init,46,-10.253002070393375,0.0
C,w_WU_dist_init,46,-8.93397212543554,0.0
C,w_WU_eff_rank,46,-6.559703504043126,0.0
C,w_WU_entry_gini,46,-10.020656779661017,0.0
C,w_WU_fro,46,-8.969686411149826,0.0
C,w_WU_rel_dist_init,46,-8.93397212543554,0.0
C,w_WU_row_gini,46,-8.335685483870968,0.0
C,w_WU_row_pr,46,-8.606342263531985,0.0
C,w_WU_spec,46,-9.232331307962905,0.0
C,w_WU_stable_rank,46,-7.687698833510074,0.0
C,w_WU_sv_gini,46,-6.559703504043126,0.0
C,w_WV_cos_init,46,-12.171052631578949,0.0
C,w_WV_dist_init,46,-14.009597378277153,0.0
C,w_WV_eff_rank,46,-11.452991452991453,0.0
C,w_WV_entry_gini,46,-16.852014652014653,0.0
C,w_WV_fro,46,-6.588888888888889,0.0
C,w_WV_rel_dist_init,46,-14.009597378277153,0.0
C,w_WV_row_gini,46,-7.7587422065600435,0.0
C,w_WV_row_pr,46,-6.147798742138365,0.0
C,w_WV_spec,46,-7.78662900188324,0.0
C,w_WV_stable_rank,46,-10.953565505804312,0.0
C,w_WV_sv_gini,46,-14.085722702278083,0.0
C,w_Win_cos_init,46,-12.171052631578949,0.0
C,w_Win_dist_init,46,-11.785257435241444,0.0
C,w_Win_eff_rank,46,-8.606342263531985,0.0
C,w_Win_entry_gini,46,-7.687698833510074,0.0
C,w_Win_fro,46,-6.4033542976939195,0.0
C,w_Win_rel_dist_init,46,-11.785257435241444,0.0
C,w_Win_row_gini,46,-8.228553406223718,0.0
C,w_Win_row_pr,46,-8.543659621802004,0.0
C,w_Win_spec,46,-7.3490514905149045,0.0
C,w_Win_stable_rank,46,-6.276388888888889,0.0
C,w_Win_sv_gini,46,-9.28479262672811,0.0
C,w_Wout_cos_init,46,-11.378472222222221,0.0
C,w_Wout_dist_init,46,-9.40726392251816,0.0
C,w_Wout_eff_rank,46,-7.5159722222222225,0.0
C,w_Wout_entry_gini,46,-5.835298742138365,0.0
C,w_Wout_fro,46,-8.228553406223718,0.0
C,w_Wout_rel_dist_init,46,-9.40726392251816,0.0
C,w_Wout_row_gini,46,-6.4033542976939195,0.0
C,w_Wout_row_pr,46,-6.4033542976939195,0.0
C,w_Wout_spec,46,-8.666130917592053,0.0
C,w_Wout_stable_rank,46,-8.737357599333148,0.0
C,w_Wout_sv_gini,46,-6.4033542976939195,0.0
C,w_all_cos_init,46,-11.54432855280313,0.0
C,w_all_dist_init,46,-10.253002070393375,0.0
C,w_all_norm,46,-7.3490514905149045,0.0
C,w_all_rel_dist_init,46,-10.253002070393375,0.0
C,w_all_rel_norm,46,-7.3490514905149045,0.0
D,add_acc_additive_te,68,-0.9020850824791462,0.4264705882352941
D,add_acc_additive_tr,112,-0.8071599869302805,0.3125
D,add_acc_interaction_te,113,0.5130641330166271,0.8495575221238938
D,add_acc_interaction_tr,15,0.7832258064516129,0.9333333333333333
D,add_acc_no_a_te,113,0.43425076452599387,0.8495575221238938
D,add_acc_no_a_tr,6,0.7328602477997607,0.8333333333333334
D,add_acc_no_b_te,113,0.43425076452599387,0.8495575221238938
D,add_acc_no_b_tr,6,0.7732774025756114,1.0
D,add_share_a,113,0.8169364881693649,0.672566371681416
D,add_share_b,113,0.7731481481481481,0.7079646017699115
D,add_share_interaction,113,0.42868525896414345,0.6106194690265486
D,circ_acc_interaction_te,113,0.4986449864498645,0.8495575221238938
D,circ_acc_interaction_tr,16,0.829416860685473,0.9375
D,circ_acc_marginal_te,70,-0.8397718417455512,0.35714285714285715
D,circ_acc_marginal_tr,113,-1.1541501976284585,0.23008849557522124
D,circ_share_interaction_te,113,-0.9065155807365439,0.4247787610619469
D,circ_share_interaction_tr,113,0.7914893617021277,0.7522123893805309
D,circ_share_marginal_te,113,0.8169364881693649,0.6991150442477876
D,circ_share_marginal_tr,113,0.5912518853695324,0.672566371681416
D,circ_units_te,113,0.8136882129277566,0.7610619469026548
D,circ_units_tr,113,0.8136882129277566,0.7610619469026548
D,coset_a_n_acc_te,113,0.8169364881693649,0.8141592920353983
D,coset_a_n_purity_te,113,0.4269870609981516,0.8495575221238938
D,coset_s_nm1_acc_te,113,0.3711967545638945,0.8495575221238938
D,coset_s_nm1_purity_te,113,0.4986449864498645,0.8495575221238938
D,fn_acc_te,113,0.3695652173913043,0.8495575221238938
D,fn_acc_tr,5,0.7633289986996099,1.0
D,fn_class_acc_gini,113,0.6060991105463787,0.8495575221238938
D,fn_entropy_te,113,0.24949290060851928,0.7168141592920354
D,fn_entropy_tr,113,0.7832258064516129,0.7699115044247787
D,fn_gap_acc,113,0.3695652173913043,0.8495575221238938
D,fn_gap_loss,113,0.44155844155844154,0.8495575221238938
D,fn_loss_te,113,0.4444444444444444,0.8495575221238938
D,fn_loss_tr,113,0.8705357142857143,0.8495575221238938
D,fn_margin_te,113,0.10211267605633803,0.6106194690265486
D,fn_margin_tr,113,0.20086393088552915,0.6017699115044248
D,irr_U_11111,113,0.3817701453104359,0.7079646017699115
D,irr_U_2111,113,0.39574468085106385,0.6283185840707964
D,irr_U_221,113,0.2294820717131474,0.6106194690265486
D,irr_U_311,113,0.39574468085106385,0.5929203539823009
D,irr_U_32,113,0.40093786635404455,0.6548672566371682
D,irr_U_41,113,0.46455834242093785,0.6637168141592921
D,irr_U_5,113,0.32604735883424407,0.672566371681416
D,irr_U_dominant_over_random,113,-0.15734720416124837,0.4690265486725664
D,irr_U_dominant_share,113,0.4579976985040276,0.6194690265486725
D,irr_U_structure,113,0.45384615384615384,0.6194690265486725
D,irr_V_dominant_over_random,113,-0.0026041666666666665,0.49557522123893805
D,irr_V_dominant_share,113,0.3817701453104359,0.6371681415929203
D,irr_V_structure,113,0.4579976985040276,0.6194690265486725
D,irr_out_dominant_over_random,113,0.40093786635404455,0.6017699115044248
D,irr_out_dominant_share,113,0.5991105463786531,0.6814159292035398
D,irr_out_structure,113,0.6826608505997819,0.7168141592920354
D,rep_between_within_te,113,-0.08745247148288973,0.39823008849557523
D,rep_between_within_tr,113,-0.2542955326460481,0.37168141592920356
D,rep_eff_rank_te,113,0.5251612903225806,0.6283185840707964
D,rep_nc1_tr,113,0.05730129390018484,0.5132743362831859
D,rep_pr_te,113,0.8211678832116789,0.7876106194690266
D,rep_unit_gini_te,113,0.7832258064516129,0.6814159292035398
D,rep_unit_pr_te,113,0.5912518853695324,0.6991150442477876
D,sharp_grad_norm,113,0.5775193798449613,0.6902654867256637
D,sharp_lambda_max,113,0.5855513307984791,0.7256637168141593
D,sharp_lr_lambda,113,0.5855513307984791,0.7256637168141593
D,unit_frac_interacting,29,0.8353221957040573,0.8275862068965517
D,unit_interaction_share,113,0.8657407407407407,0.6991150442477876
D,w_W1_cos_init,113,0.7325581395348837,0.6902654867256637
D,w_W1_dist_init,113,0.6278884462151394,0.7433628318584071
D,w_W1_eff_rank,113,-0.2245508982035928,0.3893805309734513
D,w_W1_entry_gini,113,0.7914893617021277,0.7433628318584071
D,w_W1_fro,113,0.5538922155688623,0.7345132743362832
D,w_W1_rel_dist_init,113,0.6278884462151394,0.7433628318584071
D,w_W1_row_gini,113,0.4579976985040276,0.672566371681416
D,w_W1_row_pr,113,0.1282051282051282,0.5752212389380531
D,w_W1_spec,113,0.45384615384615384,0.6460176991150443
D,w_W1_stable_rank,113,0.5454545454545454,0.7256637168141593
D,w_W1_sv_gini,113,0.0,0.49557522123893805
D,w_W2_cos_init,113,0.7376425855513308,0.6902654867256637
D,w_W2_dist_init,113,0.006085192697768763,0.504424778761062
D,w_W2_eff_rank,113,-0.20553359683794467,0.39823008849557523
D,w_W2_entry_gini,113,0.78125,0.6814159292035398
D,w_W2_fro,113,0.006085192697768763,0.504424778761062
D,w_W2_rel_dist_init,113,0.006085192697768763,0.504424778761062
D,w_W2_row_gini,113,0.7818627450980392,0.7168141592920354
D,w_W2_row_pr,113,0.7818627450980392,0.7079646017699115
D,w_W2_spec,113,0.5138461538461538,0.6902654867256637
D,w_W2_stable_rank,113,0.2521419828641371,0.6283185840707964
D,w_W2_sv_gini,113,-0.18717948717948718,0.3805309734513274
D,w_all_cos_init,113,0.7325581395348837,0.6637168141592921
D,w_all_dist_init,113,0.4579976985040276,0.7345132743362832
D,w_all_norm,113,0.29673590504451036,0.6194690265486725
D,w_all_rel_dist_init,113,0.4579976985040276,0.7345132743362832
D,w_all_rel_norm,113,0.29673590504451036,0.6194690265486725
E,fn_acc_te,60,-0.9988038277511961,0.35
E,fn_acc_tr,37,-6.2105263157894735,0.1891891891891892
E,fn_class_acc_gini,60,-1.4598214285714286,0.35
E,fn_entropy_te,60,-1.1725417439703154,0.3
E,fn_entropy_tr,60,-0.881578947368421,0.11666666666666667
E,fn_gap_acc,60,-0.9988038277511961,0.35
E,fn_gap_loss,60,-0.6826873385012919,0.35
E,fn_loss_te,60,-0.6826873385012919,0.35
E,fn_loss_tr,60,-0.5930555555555556,0.35
E,fn_margin_te,60,-0.6444444444444445,0.13333333333333333
E,fn_margin_tr,60,-0.6444444444444445,0.31666666666666665
E,rep_between_within_te,60,-1.5964432284541723,0.0
E,rep_between_within_tr,60,-2.5174418604651163,0.0
E,rep_dead_frac_te,10,-7.233333333333333,0.0
E,rep_eff_rank_te,60,-2.261904761904762,0.0
E,rep_nc1_tr,60,-0.5930555555555556,0.35
E,rep_pr_te,60,-0.9601706970128023,0.016666666666666666
E,rep_unit_gini_te,60,-1.8105263157894738,0.08333333333333333
E,rep_unit_pr_te,60,-2.2541666666666664,0.08333333333333333
E,sharp_grad_norm,60,-1.9555555555555557,0.16666666666666666
E,sharp_lambda_max,60,-1.4555555555555557,0.21666666666666667
E,sharp_lr_lambda,60,-1.4555555555555557,0.21666666666666667
E,w_L0_cos_init,60,-1.5333333333333334,0.0
E,w_L0_dist_init,60,-0.7295127353266888,0.1
E,w_L0_eff_rank,60,-2.333333333333333,0.0
E,w_L0_entry_gini,60,-2.1924019607843137,0.0
E,w_L0_fro,60,-0.6444444444444445,0.15
E,w_L0_rel_dist_init,60,-0.7295127353266888,0.1
E,w_L0_row_gini,60,-3.523671096345515,0.0
E,w_L0_row_pr,60,-3.9592391304347827,0.0
E,w_L0_spec,60,-2.2807453416149066,0.08333333333333333
E,w_L0_stable_rank,60,-0.6444444444444445,0.06666666666666667
E,w_L0_sv_gini,60,-1.6845238095238095,0.0
E,w_L1_cos_init,60,-1.666208791208791,0.0
E,w_L1_dist_init,60,-0.6444444444444445,0.1
E,w_L1_eff_rank,60,-3.854166666666667,0.0
E,w_L1_entry_gini,60,-3.1169871794871797,0.05
E,w_L1_fro,60,-0.6444444444444445,0.1
E,w_L1_rel_dist_init,60,-0.6444444444444445,0.1
E,w_L1_row_gini,60,-3.1389961389961387,0.016666666666666666
E,w_L1_row_pr,60,-4.12984723854289,0.0
E,w_L1_spec,60,-1.30625,0.2833333333333333
E,w_L1_stable_rank,60,-1.1142857142857143,0.05
E,w_L1_sv_gini,60,-3.7139423076923075,0.0
E,w_L2_cos_init,60,-2.0368309485956546,0.05
E,w_L2_dist_init,60,-1.0913312693498451,0.21666666666666667
E,w_L2_eff_rank,60,-0.7769423558897244,0.06666666666666667
E,w_L2_entry_gini,60,-1.5754901960784315,0.05
E,w_L2_fro,60,-1.4598214285714286,0.3
E,w_L2_rel_dist_init,60,-1.0913312693498451,0.21666666666666667
E,w_L2_row_gini,60,-2.1792009400705052,0.15
E,w_L2_row_pr,60,-3.4234126984126982,0.1
E,w_L2_spec,60,-4.595238095238095,0.26666666666666666
E,w_L2_stable_rank,60,-1.4955357142857144,0.18333333333333332
E,w_L2_sv_gini,60,-0.972972972972973,0.11666666666666667
E,w_all_cos_init,60,-1.5607843137254902,0.0
E,w_all_dist_init,60,-0.6615079365079366,0.1
E,w_all_norm,60,-0.6444444444444445,0.1
E,w_all_rel_dist_init,60,-0.6615079365079366,0.1
E,w_all_rel_norm,60,-0.6444444444444445,0.1
